{
"type": "FeatureCollection",
"name": "refinement_v4.tmp",
"crs": { "type": "name", "properties": { "name": "urn:ogc:def:crs:EPSG::32618" } },
"features": [
{"type":"Feature","properties":{"name":"shelf_shoaling","refinement_level":1,"zmin":-100.0,"zmax":-8.0,"why":"100 m on water deeper than -8 m landward of the line: the strip between the surf band and the line, and the deep bay / channel water that `low_water` then lifts to 50 m. v3: zmin -30 kept it off the deep shelf; the line does that now."},"geometry":{"type":"Polygon","coordinates":[[[484599.852820307190996,4287895.264082839712501],[476653.463362230395433,4286904.809213912114501],[471253.482658500084653,4288697.966645346023142],[468498.458603312901687,4297397.28900308534503],[464197.714929156703874,4300400.649503454566002],[462601.404006955563091,4304147.768430239520967],[459001.293751384189818,4305697.020817547105253],[457453.252136261202395,4309700.242888118140399],[454099.300280597119126,4311250.465286678634584],[453047.628354766813572,4315096.396618450991809],[454899.965113448968623,4323952.580648215487599],[453201.444538491079584,4327846.718357695266604],[453646.292466551705729,4334347.414383799768984],[450946.46843013324542,4340600.923278448171914],[445852.359787785506342,4343053.928931263275445],[446148.524266595370136,4347202.629503880627453],[443954.132035902235657,4350347.814405395649374],[444502.468478558352217,4354694.47463545948267],[440701.911492282524705,4358096.453747871331871],[437701.089815569168422,4365245.310083573684096],[438549.693186052027158,4368068.746475770138204],[439865.945275739300996,4368058.428715179674327],[439900.553692129265983,4372519.899083553813398],[439930.537205362401437,4376382.09207536559552],[439945.192414074030239,4378268.803854543715715],[439952.953203160897829,4379267.653474544174969],[441702.600298431061674,4382295.378354188986123],[440001.362318625091575,4385493.850565512664616],[440003.866320998466108,4385815.705505746416748],[439832.201946885092184,4385817.042990789748728],[439147.035790166875813,4387098.822288476862013],[442298.583949200343341,4396497.776308974251151],[449051.213160576298833,4398803.051772307604551],[452052.860786167613696,4401946.960952393710613],[456448.895105901930947,4402298.112428102642298],[463948.512258483096957,4408896.36415268946439],[465548.997612197883427,4412751.446403165347874],[469475.049433436943218,4414943.463094584643841],[473503.414787638932467,4415250.299888147972524],[476748.625257758307271,4419601.627399673685431],[480853.983400570985395,4421055.284199577756226],[481399.435313430149108,4427502.477300501428545],[477903.342251180380117,4431751.708415631204844],[478402.43152214307338,4433248.667160698212683],[485600.256185897975229,4428003.925369244068861],[488800.495323264796752,4427554.579322565346956],[504953.403356752940454,4436948.891827031970024],[506702.919217310729437,4444597.62441062182188],[511151.616497513314243,4442704.887423439882696],[514497.767030511051416,4443698.395519653335214],[517353.683911698753946,4450097.671587225981057],[511846.451361018873286,4455947.560244451276958],[511401.055778881942388,4458044.69025874696672],[512803.097486997779924,4458502.025056421756744],[528259.915035094250925,4449120.533995586447418],[530247.227548364899121,4445998.146005203947425],[525998.481392745510675,4443351.775714211165905],[518946.38966380857164,4432597.837922842241824],[519254.207035106257536,4428946.988223700784147],[522146.065690062474459,4426501.949984956532717],[521350.991612722631544,4420794.763421417213976],[516349.73522841342492,4418251.841853735037148],[513101.951434115529992,4423251.197165818884969],[506900.292609888711013,4424197.568000234663486],[497853.601099290885031,4413994.880683424882591],[498099.92994489823468,4407302.28324259724468],[490804.105927610129584,4404255.436680573970079],[488754.188046336348634,4401849.768458815291524],[482801.278027011256199,4401749.817754143849015],[479801.25366809341358,4397650.636286432854831],[474852.906347592244856,4396555.377065879292786],[469704.201983427978121,4386296.642408888787031],[471600.782575481571257,4379253.019478478468955],[468648.662992094177753,4375746.246940588578582],[468197.003793904324993,4372496.281038294546306],[473103.302617538371123,4366651.141410773620009],[479596.038268219796009,4368595.709728213958442],[484251.855195511656348,4361149.201339807361364],[483701.759003705403302,4357499.126222085207701],[485452.068717683607247,4353744.592491436749697],[490197.706200357759371,4351251.281542510725558],[493603.896524085022975,4352246.53799510654062],[495450.876865375961643,4356151.651393342763186],[493052.43414282304002,4362146.260254208929837],[492515.111104101641104,4367384.990002942271531],[494321.483657183649484,4366939.53799051977694],[497546.181546240695752,4361455.472764570266008],[504952.983317676524166,4357849.862093913368881],[505300.054020496900193,4354154.527045569382608],[507499.762871739163529,4351947.883128590881824],[518148.116070948424749,4354750.951524293981493],[520051.53039057465503,4358495.606573370285332],[517876.464679549797438,4375392.625036869198084],[526699.495225232327357,4368947.776997754350305],[529500.042339034378529,4360845.191234244965017],[532498.686277970322408,4360346.637226536870003],[536948.434817751520313,4362652.738449402153492],[540649.219122758018784,4372704.139145386405289],[538151.605106297181919,4377053.118171969428658],[532203.263805920025334,4377547.683173347264528],[530952.701081504346803,4383002.998306280933321],[526896.936805632081814,4386350.627024336718023],[525701.210303106578067,4389753.783751911483705],[526696.684198313276283,4394596.146692890673876],[529099.68478256824892,4396203.071397178806365],[531501.834710167488083,4391495.609931966289878],[534449.475064485683106,4390198.596426328644156],[539148.957955050631426,4393850.347515562549233],[541945.794087971560657,4393554.324154978618026],[544652.305705668404698,4389651.663403585553169],[553150.892744952463545,4387652.309972915798426],[563001.276590002933517,4395151.973589148372412],[566054.144691620604135,4401049.237046538852155],[564947.345270675374195,4406300.988799581304193],[567099.238194681354798,4417652.415759338065982],[563700.014807105064392,4424449.696540819481015],[570751.259898897726089,4431249.740587502717972],[570702.576147520099767,4434645.970198570750654],[568500.886854497832246,4437600.654662877321243],[571747.450219566468149,4442303.949468609876931],[571700.120552545995452,4446399.587255565449595],[576153.130119503708556,4448197.021499637514353],[581947.979537178296596,4457149.533876828849316],[580348.980976403923705,4460351.629439409822226],[575947.001734559773467,4461049.710632301867008],[573945.878040730021894,4463150.060742267407477],[575352.239868985372595,4469502.695541528984904],[573399.722250111983158,4472946.878075427375734],[569052.125573220546357,4474148.895955735817552],[563601.470394457457587,4471547.503527917899191],[558852.591523308772594,4472097.085584410466254],[554000.706302738632075,4468197.640373314730823],[550999.936332581331953,4468698.382725665345788],[549351.052757064928301,4470252.51100361533463],[551703.080245111486875,4473853.776914888992906],[551001.89431879366748,4477145.810854344628751],[541002.007065307581797,4486597.398292494006455],[535850.311375488410704,4487003.802654453553259],[535200.522560459561646,4488299.452136875130236],[540554.019415216287598,4491101.741890067234635],[544653.475791282602586,4486451.832446881569922],[550702.0246892523719,4483848.500661509111524],[557302.52386147074867,4487204.227788948453963],[558679.592547485488467,4499470.394319861195982],[568847.052724316949025,4510048.462801558896899],[572949.786297476151958,4522999.125557600520551],[572652.521770000574179,4526648.738663766533136],[577946.260522218304686,4528001.756659957580268],[580847.654408030910417,4535349.481046075001359],[584799.856070334790275,4538547.144611356779933],[586703.598987433244474,4536903.959843156859279],[584600.41248782502953,4531750.059701821766794],[587264.042983662104234,4527240.189589438959956],[587106.313896427978761,4526327.915717207826674],[585520.1194359237561,4521413.180250237695873],[584742.018387502525002,4520149.647293161600828],[583338.581770381657407,4517469.144992920570076],[583136.732039393740706,4515912.564648139290512],[581183.093599539948627,4512471.429033358581364],[579693.993717204779387,4511211.835075002163649],[578033.579404108808376,4508529.710099806077778],[577207.532674124464393,4506744.773565554991364],[576371.938958145561628,4505847.985248939134181],[576045.376051462837495,4504734.458993069827557],[575550.82181046938058,4503508.223929109051824],[574887.050828658626415,4502280.320779078640044],[576079.472844910807908,4501404.299944223836064],[576931.129393941839226,4500802.473045159131289],[576943.189533666009083,4499636.921971561387181],[577794.535316218156368,4499090.694223850034177],[577721.570764251751825,4497979.764109666459262],[578071.506777530768886,4496873.260815372690558],[578843.357415911974385,4495882.245522883720696],[579647.948352963081561,4495013.775198318064213],[582107.70395934721455,4496017.443166706711054],[583064.543730326578952,4496705.268521849066019],[586113.580536762718111,4496406.857383518479764],[588560.156240417389199,4496990.662614472210407],[589630.352756195003167,4499445.943029503338039],[591137.438263151445426,4500685.503638447262347],[591731.989773216657341,4500470.770328973419964],[592054.262861033668742,4494923.637209025211632],[592928.05096544965636,4492714.047554988414049],[592028.301579582272097,4491954.600155421532691],[592972.104840382933617,4488091.665129437111318],[592873.476054015685804,4487236.686736145988107],[592580.794135165400803,4485152.527857550419867],[591336.714071406400762,4484474.428021775558591],[588795.474172717425972,4479393.586589047685266],[589102.999755765195005,4477992.867576600983739],[588960.678659581579268,4476479.119193403981626],[589057.591251680976711,4474962.666551526635885],[588561.858386034262367,4473544.661224167793989],[588096.023064428241923,4472093.743324531242251],[587893.841612567543052,4470585.996988316066563],[587887.954338720883243,4467751.70322005264461],[588337.164433898637071,4465372.365482238121331],[587601.706620188662782,4464037.136477747932076],[587383.785050458507612,4462534.799628709442914],[586728.769749680184759,4458011.196716244332492],[586417.627643753890879,4456518.941473273560405],[585793.213696212391369,4453536.686317290179431],[585133.291350926854648,4450560.770865245722234],[584905.070790251367725,4449054.005724439397454],[584135.013869678368792,4446105.8459901381284],[583765.551651701563969,4444627.5386299835518],[583138.933378485729918,4441645.589574385434389],[582944.984846463659778,4440133.748360183089972],[582265.911064188927412,4436021.282044001854956],[582059.518656755331904,4434522.671396262943745],[581567.899001131183468,4431530.187827779911458],[580955.424124509328976,4428543.133587887510657],[580681.936319524073042,4427042.766705627553165],[580232.965342674287967,4424029.792458215728402],[580095.681404387578368,4420999.044955885969102],[579762.559389835805632,4419514.765009854920208],[579464.44663611589931,4418020.880518999882042],[579259.848957991926,4413516.48627320677042],[579096.760442164377309,4412000.729009290225804],[579647.577344609424472,4409054.906682632863522],[579509.010241880081594,4407645.968158260919154],[579426.571981356013566,4404698.036106403917074],[579326.556087723351084,4402197.26951133646071],[578096.60407613532152,4399741.548466242849827],[576601.088809857610613,4395555.158303774893284],[575700.927594353444874,4393285.220506344921887],[574745.841702228877693,4392109.303639606572688],[572748.523064559558406,4389806.977072084322572],[571846.240082984091714,4388578.668002107180655],[570200.022691301070154,4385415.690268444828689],[569997.374989203643054,4383907.660096125677228],[568070.866326495306566,4381545.141640352085233],[567388.770887877093628,4378607.850871065631509],[566292.668578900280409,4375974.532249579206109],[565614.938239888986573,4374609.114563619717956],[564378.498137656948529,4371954.942435045726597],[563744.754633506410755,4370593.406582301482558],[562944.694536761147901,4367650.094490688294172],[561912.394920891267247,4365039.109349866397679],[559968.191858943318948,4361013.878730015829206],[558939.687987014651299,4360033.77002153173089],[556885.895151963224635,4356584.579012421891093],[555612.909769347636029,4355795.156184622086585],[553778.752759396797046,4353118.652152176946402],[552288.577526830369607,4352833.271315962076187],[547647.264327292097732,4350621.601720103994012],[544742.469369856989942,4349703.226809352636337],[542133.428808319149539,4348193.789819341152906],[540848.163582309382036,4347396.778230951167643],[538087.322204370982945,4344507.344758556224406],[537008.580637128092349,4343438.983699399977922],[534723.652195843635127,4341420.903483124449849],[533521.732559218769893,4340483.446677757427096],[531929.598631663713604,4336919.969517366960645],[530979.901385845965706,4335726.486600578762591],[530338.129551485530101,4333698.659233335405588],[528730.063690021401271,4331107.979956761002541],[527046.818635978386737,4328696.060457468032837],[525631.590647159377113,4325995.746576665900648],[524037.52568723692093,4323454.960177072323859],[523165.625827740121167,4322205.004187548533082],[522366.285292591142934,4320906.526978199370205],[520855.235840969893616,4318264.562208720482886],[518312.692254391964525,4313701.7455512015149],[517576.99810669827275,4312251.899552719667554],[515318.10731558164116,4310532.696769608184695],[515154.163707916624844,4307901.274957301095128],[515032.865335055859759,4305585.102456718683243],[514356.193131306907162,4304791.523161485791206],[513085.605180722544901,4304318.810218338854611],[510790.570170253573451,4303186.793041137978435],[508280.221877435338683,4301586.929565160535276],[506837.819218607270159,4301133.91136840172112],[505359.494023842504248,4300951.894943214952946],[504371.812305498984642,4299908.186344866640866],[503423.729195007006638,4299012.207354163751006],[502117.837933484755922,4298089.607299317605793],[501343.598206175433006,4298170.44489529915154],[499920.147787537600379,4298158.125019434839487],[492764.03904944245005,4294586.046662426553667],[491923.780120685172733,4294032.020059755071998],[492552.879093765572179,4286309.67320519965142],[487865.237438826821744,4286336.086003274656832],[484599.852820307190996,4287895.264082839712501]]]}},
{"type":"Feature","properties":{"name":"inland_floodplain","refinement_level":1,"zmin":0.0,"zmax":10.0,"why":"100 m on land 0..+10 m (v3: 0..+6). v4 design rule 09-24: MOTF-wet land p95 4.3 m, p99 7.6 m, and the +3 m SLR target — the far banks (DE / PA / Staten Island) are computed at 100 / 200 m only."},"geometry":{"type":"Polygon","coordinates":[[[484599.852820307190996,4287895.264082839712501],[476653.463362230395433,4286904.809213912114501],[471253.482658500084653,4288697.966645346023142],[468498.458603312901687,4297397.28900308534503],[464197.714929156703874,4300400.649503454566002],[462601.404006955563091,4304147.768430239520967],[459001.293751384189818,4305697.020817547105253],[457453.252136261202395,4309700.242888118140399],[454099.300280597119126,4311250.465286678634584],[453047.628354766813572,4315096.396618450991809],[454899.965113448968623,4323952.580648215487599],[453201.444538491079584,4327846.718357695266604],[453646.292466551705729,4334347.414383799768984],[450946.46843013324542,4340600.923278448171914],[445852.359787785506342,4343053.928931263275445],[446148.524266595370136,4347202.629503880627453],[443954.132035902235657,4350347.814405395649374],[444502.468478558352217,4354694.47463545948267],[440701.911492282524705,4358096.453747871331871],[437701.089815569168422,4365245.310083573684096],[438549.693186052027158,4368068.746475770138204],[439865.945275739300996,4368058.428715179674327],[439900.553692129265983,4372519.899083553813398],[439930.537205362401437,4376382.09207536559552],[439945.192414074030239,4378268.803854543715715],[439952.953203160897829,4379267.653474544174969],[441702.600298431061674,4382295.378354188986123],[440001.362318625091575,4385493.850565512664616],[440003.866320998466108,4385815.705505746416748],[439832.201946885092184,4385817.042990789748728],[439147.035790166875813,4387098.822288476862013],[442298.583949200343341,4396497.776308974251151],[449051.213160576298833,4398803.051772307604551],[452052.860786167613696,4401946.960952393710613],[456448.895105901930947,4402298.112428102642298],[463948.512258483096957,4408896.36415268946439],[465548.997612197883427,4412751.446403165347874],[469475.049433436943218,4414943.463094584643841],[473503.414787638932467,4415250.299888147972524],[476748.625257758307271,4419601.627399673685431],[480853.983400570985395,4421055.284199577756226],[481399.435313430149108,4427502.477300501428545],[477903.342251180380117,4431751.708415631204844],[478402.43152214307338,4433248.667160698212683],[485600.256185897975229,4428003.925369244068861],[488800.495323264796752,4427554.579322565346956],[504953.403356752940454,4436948.891827031970024],[506702.919217310729437,4444597.62441062182188],[511151.616497513314243,4442704.887423439882696],[514497.767030511051416,4443698.395519653335214],[517353.683911698753946,4450097.671587225981057],[511846.451361018873286,4455947.560244451276958],[511401.055778881942388,4458044.69025874696672],[512803.097486997779924,4458502.025056421756744],[528259.915035094250925,4449120.533995586447418],[530247.227548364899121,4445998.146005203947425],[525998.481392745510675,4443351.775714211165905],[518946.38966380857164,4432597.837922842241824],[519254.207035106257536,4428946.988223700784147],[522146.065690062474459,4426501.949984956532717],[521350.991612722631544,4420794.763421417213976],[516349.73522841342492,4418251.841853735037148],[513101.951434115529992,4423251.197165818884969],[506900.292609888711013,4424197.568000234663486],[497853.601099290885031,4413994.880683424882591],[498099.92994489823468,4407302.28324259724468],[490804.105927610129584,4404255.436680573970079],[488754.188046336348634,4401849.768458815291524],[482801.278027011256199,4401749.817754143849015],[479801.25366809341358,4397650.636286432854831],[474852.906347592244856,4396555.377065879292786],[469704.201983427978121,4386296.642408888787031],[471600.782575481571257,4379253.019478478468955],[468648.662992094177753,4375746.246940588578582],[468197.003793904324993,4372496.281038294546306],[473103.302617538371123,4366651.141410773620009],[479596.038268219796009,4368595.709728213958442],[484251.855195511656348,4361149.201339807361364],[483701.759003705403302,4357499.126222085207701],[485452.068717683607247,4353744.592491436749697],[490197.706200357759371,4351251.281542510725558],[493603.896524085022975,4352246.53799510654062],[495450.876865375961643,4356151.651393342763186],[493052.43414282304002,4362146.260254208929837],[492515.111104101641104,4367384.990002942271531],[494321.483657183649484,4366939.53799051977694],[497546.181546240695752,4361455.472764570266008],[504952.983317676524166,4357849.862093913368881],[505300.054020496900193,4354154.527045569382608],[507499.762871739163529,4351947.883128590881824],[518148.116070948424749,4354750.951524293981493],[520051.53039057465503,4358495.606573370285332],[517876.464679549797438,4375392.625036869198084],[526699.495225232327357,4368947.776997754350305],[529500.042339034378529,4360845.191234244965017],[532498.686277970322408,4360346.637226536870003],[536948.434817751520313,4362652.738449402153492],[540649.219122758018784,4372704.139145386405289],[538151.605106297181919,4377053.118171969428658],[532203.263805920025334,4377547.683173347264528],[530952.701081504346803,4383002.998306280933321],[526896.936805632081814,4386350.627024336718023],[525701.210303106578067,4389753.783751911483705],[526696.684198313276283,4394596.146692890673876],[529099.68478256824892,4396203.071397178806365],[531501.834710167488083,4391495.609931966289878],[534449.475064485683106,4390198.596426328644156],[539148.957955050631426,4393850.347515562549233],[541945.794087971560657,4393554.324154978618026],[544652.305705668404698,4389651.663403585553169],[553150.892744952463545,4387652.309972915798426],[563001.276590002933517,4395151.973589148372412],[566054.144691620604135,4401049.237046538852155],[564947.345270675374195,4406300.988799581304193],[567099.238194681354798,4417652.415759338065982],[563700.014807105064392,4424449.696540819481015],[570751.259898897726089,4431249.740587502717972],[570702.576147520099767,4434645.970198570750654],[568500.886854497832246,4437600.654662877321243],[571747.450219566468149,4442303.949468609876931],[571700.120552545995452,4446399.587255565449595],[576153.130119503708556,4448197.021499637514353],[581947.979537178296596,4457149.533876828849316],[580348.980976403923705,4460351.629439409822226],[575947.001734559773467,4461049.710632301867008],[573945.878040730021894,4463150.060742267407477],[575352.239868985372595,4469502.695541528984904],[573399.722250111983158,4472946.878075427375734],[569052.125573220546357,4474148.895955735817552],[563601.470394457457587,4471547.503527917899191],[558852.591523308772594,4472097.085584410466254],[554000.706302738632075,4468197.640373314730823],[550999.936332581331953,4468698.382725665345788],[549351.052757064928301,4470252.51100361533463],[551703.080245111486875,4473853.776914888992906],[551001.89431879366748,4477145.810854344628751],[541002.007065307581797,4486597.398292494006455],[535850.311375488410704,4487003.802654453553259],[535200.522560459561646,4488299.452136875130236],[540554.019415216287598,4491101.741890067234635],[544653.475791282602586,4486451.832446881569922],[550702.0246892523719,4483848.500661509111524],[557302.52386147074867,4487204.227788948453963],[558679.592547485488467,4499470.394319861195982],[568847.052724316949025,4510048.462801558896899],[572949.786297476151958,4522999.125557600520551],[572652.521770000574179,4526648.738663766533136],[577946.260522218304686,4528001.756659957580268],[580847.654408030910417,4535349.481046075001359],[584799.856070334790275,4538547.144611356779933],[586703.598987433244474,4536903.959843156859279],[584600.41248782502953,4531750.059701821766794],[587264.042983662104234,4527240.189589438959956],[587106.313896427978761,4526327.915717207826674],[585520.1194359237561,4521413.180250237695873],[584742.018387502525002,4520149.647293161600828],[583338.581770381657407,4517469.144992920570076],[583136.732039393740706,4515912.564648139290512],[581183.093599539948627,4512471.429033358581364],[579693.993717204779387,4511211.835075002163649],[578033.579404108808376,4508529.710099806077778],[577207.532674124464393,4506744.773565554991364],[576371.938958145561628,4505847.985248939134181],[576045.376051462837495,4504734.458993069827557],[575550.82181046938058,4503508.223929109051824],[574887.050828658626415,4502280.320779078640044],[576079.472844910807908,4501404.299944223836064],[576931.129393941839226,4500802.473045159131289],[576943.189533666009083,4499636.921971561387181],[577794.535316218156368,4499090.694223850034177],[577721.570764251751825,4497979.764109666459262],[578071.506777530768886,4496873.260815372690558],[578843.357415911974385,4495882.245522883720696],[579647.948352963081561,4495013.775198318064213],[582107.70395934721455,4496017.443166706711054],[583064.543730326578952,4496705.268521849066019],[586113.580536762718111,4496406.857383518479764],[588560.156240417389199,4496990.662614472210407],[589630.352756195003167,4499445.943029503338039],[591137.438263151445426,4500685.503638447262347],[591731.989773216657341,4500470.770328973419964],[592054.262861033668742,4494923.637209025211632],[592928.05096544965636,4492714.047554988414049],[592028.301579582272097,4491954.600155421532691],[592972.104840382933617,4488091.665129437111318],[592873.476054015685804,4487236.686736145988107],[592580.794135165400803,4485152.527857550419867],[591336.714071406400762,4484474.428021775558591],[588795.474172717425972,4479393.586589047685266],[589102.999755765195005,4477992.867576600983739],[588960.678659581579268,4476479.119193403981626],[589057.591251680976711,4474962.666551526635885],[588561.858386034262367,4473544.661224167793989],[588096.023064428241923,4472093.743324531242251],[587893.841612567543052,4470585.996988316066563],[587887.954338720883243,4467751.70322005264461],[588337.164433898637071,4465372.365482238121331],[587601.706620188662782,4464037.136477747932076],[587383.785050458507612,4462534.799628709442914],[586728.769749680184759,4458011.196716244332492],[586417.627643753890879,4456518.941473273560405],[585793.213696212391369,4453536.686317290179431],[585133.291350926854648,4450560.770865245722234],[584905.070790251367725,4449054.005724439397454],[584135.013869678368792,4446105.8459901381284],[583765.551651701563969,4444627.5386299835518],[583138.933378485729918,4441645.589574385434389],[582944.984846463659778,4440133.748360183089972],[582265.911064188927412,4436021.282044001854956],[582059.518656755331904,4434522.671396262943745],[581567.899001131183468,4431530.187827779911458],[580955.424124509328976,4428543.133587887510657],[580681.936319524073042,4427042.766705627553165],[580232.965342674287967,4424029.792458215728402],[580095.681404387578368,4420999.044955885969102],[579762.559389835805632,4419514.765009854920208],[579464.44663611589931,4418020.880518999882042],[579259.848957991926,4413516.48627320677042],[579096.760442164377309,4412000.729009290225804],[579647.577344609424472,4409054.906682632863522],[579509.010241880081594,4407645.968158260919154],[579426.571981356013566,4404698.036106403917074],[579326.556087723351084,4402197.26951133646071],[578096.60407613532152,4399741.548466242849827],[576601.088809857610613,4395555.158303774893284],[575700.927594353444874,4393285.220506344921887],[574745.841702228877693,4392109.303639606572688],[572748.523064559558406,4389806.977072084322572],[571846.240082984091714,4388578.668002107180655],[570200.022691301070154,4385415.690268444828689],[569997.374989203643054,4383907.660096125677228],[568070.866326495306566,4381545.141640352085233],[567388.770887877093628,4378607.850871065631509],[566292.668578900280409,4375974.532249579206109],[565614.938239888986573,4374609.114563619717956],[564378.498137656948529,4371954.942435045726597],[563744.754633506410755,4370593.406582301482558],[562944.694536761147901,4367650.094490688294172],[561912.394920891267247,4365039.109349866397679],[559968.191858943318948,4361013.878730015829206],[558939.687987014651299,4360033.77002153173089],[556885.895151963224635,4356584.579012421891093],[555612.909769347636029,4355795.156184622086585],[553778.752759396797046,4353118.652152176946402],[552288.577526830369607,4352833.271315962076187],[547647.264327292097732,4350621.601720103994012],[544742.469369856989942,4349703.226809352636337],[542133.428808319149539,4348193.789819341152906],[540848.163582309382036,4347396.778230951167643],[538087.322204370982945,4344507.344758556224406],[537008.580637128092349,4343438.983699399977922],[534723.652195843635127,4341420.903483124449849],[533521.732559218769893,4340483.446677757427096],[531929.598631663713604,4336919.969517366960645],[530979.901385845965706,4335726.486600578762591],[530338.129551485530101,4333698.659233335405588],[528730.063690021401271,4331107.979956761002541],[527046.818635978386737,4328696.060457468032837],[525631.590647159377113,4325995.746576665900648],[524037.52568723692093,4323454.960177072323859],[523165.625827740121167,4322205.004187548533082],[522366.285292591142934,4320906.526978199370205],[520855.235840969893616,4318264.562208720482886],[518312.692254391964525,4313701.7455512015149],[517576.99810669827275,4312251.899552719667554],[515318.10731558164116,4310532.696769608184695],[515154.163707916624844,4307901.274957301095128],[515032.865335055859759,4305585.102456718683243],[514356.193131306907162,4304791.523161485791206],[513085.605180722544901,4304318.810218338854611],[510790.570170253573451,4303186.793041137978435],[508280.221877435338683,4301586.929565160535276],[506837.819218607270159,4301133.91136840172112],[505359.494023842504248,4300951.894943214952946],[504371.812305498984642,4299908.186344866640866],[503423.729195007006638,4299012.207354163751006],[502117.837933484755922,4298089.607299317605793],[501343.598206175433006,4298170.44489529915154],[499920.147787537600379,4298158.125019434839487],[492764.03904944245005,4294586.046662426553667],[491923.780120685172733,4294032.020059755071998],[492552.879093765572179,4286309.67320519965142],[487865.237438826821744,4286336.086003274656832],[484599.852820307190996,4287895.264082839712501]]]}},
{"type":"Feature","properties":{"name":"low_water","refinement_level":2,"zmin":-100.0,"zmax":3.0,"why":"50 m on every water body landward of the line AT ANY DEPTH (v3: zmin -20) — the Delaware ship channel to -47.8 m, KvK -16, Ambrose, the C&D — plus land below +3 m that flooded. The user's rule of 09-27 applied to resolution as well as to the mask. v3's `low_water`, ring-wide."},"geometry":{"type":"Polygon","coordinates":[[[484599.852820307190996,4287895.264082839712501],[476653.463362230395433,4286904.809213912114501],[471253.482658500084653,4288697.966645346023142],[468498.458603312901687,4297397.28900308534503],[464197.714929156703874,4300400.649503454566002],[462601.404006955563091,4304147.768430239520967],[459001.293751384189818,4305697.020817547105253],[457453.252136261202395,4309700.242888118140399],[454099.300280597119126,4311250.465286678634584],[453047.628354766813572,4315096.396618450991809],[454899.965113448968623,4323952.580648215487599],[453201.444538491079584,4327846.718357695266604],[453646.292466551705729,4334347.414383799768984],[450946.46843013324542,4340600.923278448171914],[445852.359787785506342,4343053.928931263275445],[446148.524266595370136,4347202.629503880627453],[443954.132035902235657,4350347.814405395649374],[444502.468478558352217,4354694.47463545948267],[440701.911492282524705,4358096.453747871331871],[437701.089815569168422,4365245.310083573684096],[438549.693186052027158,4368068.746475770138204],[439865.945275739300996,4368058.428715179674327],[439900.553692129265983,4372519.899083553813398],[439930.537205362401437,4376382.09207536559552],[439945.192414074030239,4378268.803854543715715],[439952.953203160897829,4379267.653474544174969],[441702.600298431061674,4382295.378354188986123],[440001.362318625091575,4385493.850565512664616],[440003.866320998466108,4385815.705505746416748],[439832.201946885092184,4385817.042990789748728],[439147.035790166875813,4387098.822288476862013],[442298.583949200343341,4396497.776308974251151],[449051.213160576298833,4398803.051772307604551],[452052.860786167613696,4401946.960952393710613],[456448.895105901930947,4402298.112428102642298],[463948.512258483096957,4408896.36415268946439],[465548.997612197883427,4412751.446403165347874],[469475.049433436943218,4414943.463094584643841],[473503.414787638932467,4415250.299888147972524],[476748.625257758307271,4419601.627399673685431],[480853.983400570985395,4421055.284199577756226],[481399.435313430149108,4427502.477300501428545],[477903.342251180380117,4431751.708415631204844],[478402.43152214307338,4433248.667160698212683],[485600.256185897975229,4428003.925369244068861],[488800.495323264796752,4427554.579322565346956],[504953.403356752940454,4436948.891827031970024],[506702.919217310729437,4444597.62441062182188],[511151.616497513314243,4442704.887423439882696],[514497.767030511051416,4443698.395519653335214],[517353.683911698753946,4450097.671587225981057],[511846.451361018873286,4455947.560244451276958],[511401.055778881942388,4458044.69025874696672],[512803.097486997779924,4458502.025056421756744],[528259.915035094250925,4449120.533995586447418],[530247.227548364899121,4445998.146005203947425],[525998.481392745510675,4443351.775714211165905],[518946.38966380857164,4432597.837922842241824],[519254.207035106257536,4428946.988223700784147],[522146.065690062474459,4426501.949984956532717],[521350.991612722631544,4420794.763421417213976],[516349.73522841342492,4418251.841853735037148],[513101.951434115529992,4423251.197165818884969],[506900.292609888711013,4424197.568000234663486],[497853.601099290885031,4413994.880683424882591],[498099.92994489823468,4407302.28324259724468],[490804.105927610129584,4404255.436680573970079],[488754.188046336348634,4401849.768458815291524],[482801.278027011256199,4401749.817754143849015],[479801.25366809341358,4397650.636286432854831],[474852.906347592244856,4396555.377065879292786],[469704.201983427978121,4386296.642408888787031],[471600.782575481571257,4379253.019478478468955],[468648.662992094177753,4375746.246940588578582],[468197.003793904324993,4372496.281038294546306],[473103.302617538371123,4366651.141410773620009],[479596.038268219796009,4368595.709728213958442],[484251.855195511656348,4361149.201339807361364],[483701.759003705403302,4357499.126222085207701],[485452.068717683607247,4353744.592491436749697],[490197.706200357759371,4351251.281542510725558],[493603.896524085022975,4352246.53799510654062],[495450.876865375961643,4356151.651393342763186],[493052.43414282304002,4362146.260254208929837],[492515.111104101641104,4367384.990002942271531],[494321.483657183649484,4366939.53799051977694],[497546.181546240695752,4361455.472764570266008],[504952.983317676524166,4357849.862093913368881],[505300.054020496900193,4354154.527045569382608],[507499.762871739163529,4351947.883128590881824],[518148.116070948424749,4354750.951524293981493],[520051.53039057465503,4358495.606573370285332],[517876.464679549797438,4375392.625036869198084],[526699.495225232327357,4368947.776997754350305],[529500.042339034378529,4360845.191234244965017],[532498.686277970322408,4360346.637226536870003],[536948.434817751520313,4362652.738449402153492],[540649.219122758018784,4372704.139145386405289],[538151.605106297181919,4377053.118171969428658],[532203.263805920025334,4377547.683173347264528],[530952.701081504346803,4383002.998306280933321],[526896.936805632081814,4386350.627024336718023],[525701.210303106578067,4389753.783751911483705],[526696.684198313276283,4394596.146692890673876],[529099.68478256824892,4396203.071397178806365],[531501.834710167488083,4391495.609931966289878],[534449.475064485683106,4390198.596426328644156],[539148.957955050631426,4393850.347515562549233],[541945.794087971560657,4393554.324154978618026],[544652.305705668404698,4389651.663403585553169],[553150.892744952463545,4387652.309972915798426],[563001.276590002933517,4395151.973589148372412],[566054.144691620604135,4401049.237046538852155],[564947.345270675374195,4406300.988799581304193],[567099.238194681354798,4417652.415759338065982],[563700.014807105064392,4424449.696540819481015],[570751.259898897726089,4431249.740587502717972],[570702.576147520099767,4434645.970198570750654],[568500.886854497832246,4437600.654662877321243],[571747.450219566468149,4442303.949468609876931],[571700.120552545995452,4446399.587255565449595],[576153.130119503708556,4448197.021499637514353],[581947.979537178296596,4457149.533876828849316],[580348.980976403923705,4460351.629439409822226],[575947.001734559773467,4461049.710632301867008],[573945.878040730021894,4463150.060742267407477],[575352.239868985372595,4469502.695541528984904],[573399.722250111983158,4472946.878075427375734],[569052.125573220546357,4474148.895955735817552],[563601.470394457457587,4471547.503527917899191],[558852.591523308772594,4472097.085584410466254],[554000.706302738632075,4468197.640373314730823],[550999.936332581331953,4468698.382725665345788],[549351.052757064928301,4470252.51100361533463],[551703.080245111486875,4473853.776914888992906],[551001.89431879366748,4477145.810854344628751],[541002.007065307581797,4486597.398292494006455],[535850.311375488410704,4487003.802654453553259],[535200.522560459561646,4488299.452136875130236],[540554.019415216287598,4491101.741890067234635],[544653.475791282602586,4486451.832446881569922],[550702.0246892523719,4483848.500661509111524],[557302.52386147074867,4487204.227788948453963],[558679.592547485488467,4499470.394319861195982],[568847.052724316949025,4510048.462801558896899],[572949.786297476151958,4522999.125557600520551],[572652.521770000574179,4526648.738663766533136],[577946.260522218304686,4528001.756659957580268],[580847.654408030910417,4535349.481046075001359],[584799.856070334790275,4538547.144611356779933],[586703.598987433244474,4536903.959843156859279],[584600.41248782502953,4531750.059701821766794],[587264.042983662104234,4527240.189589438959956],[587106.313896427978761,4526327.915717207826674],[585520.1194359237561,4521413.180250237695873],[584742.018387502525002,4520149.647293161600828],[583338.581770381657407,4517469.144992920570076],[583136.732039393740706,4515912.564648139290512],[581183.093599539948627,4512471.429033358581364],[579693.993717204779387,4511211.835075002163649],[578033.579404108808376,4508529.710099806077778],[577207.532674124464393,4506744.773565554991364],[576371.938958145561628,4505847.985248939134181],[576045.376051462837495,4504734.458993069827557],[575550.82181046938058,4503508.223929109051824],[574887.050828658626415,4502280.320779078640044],[576079.472844910807908,4501404.299944223836064],[576931.129393941839226,4500802.473045159131289],[576943.189533666009083,4499636.921971561387181],[577794.535316218156368,4499090.694223850034177],[577721.570764251751825,4497979.764109666459262],[578071.506777530768886,4496873.260815372690558],[578843.357415911974385,4495882.245522883720696],[579647.948352963081561,4495013.775198318064213],[582107.70395934721455,4496017.443166706711054],[583064.543730326578952,4496705.268521849066019],[586113.580536762718111,4496406.857383518479764],[588560.156240417389199,4496990.662614472210407],[589630.352756195003167,4499445.943029503338039],[591137.438263151445426,4500685.503638447262347],[591731.989773216657341,4500470.770328973419964],[592054.262861033668742,4494923.637209025211632],[592928.05096544965636,4492714.047554988414049],[592028.301579582272097,4491954.600155421532691],[592972.104840382933617,4488091.665129437111318],[592873.476054015685804,4487236.686736145988107],[592580.794135165400803,4485152.527857550419867],[591336.714071406400762,4484474.428021775558591],[588795.474172717425972,4479393.586589047685266],[589102.999755765195005,4477992.867576600983739],[588960.678659581579268,4476479.119193403981626],[589057.591251680976711,4474962.666551526635885],[588561.858386034262367,4473544.661224167793989],[588096.023064428241923,4472093.743324531242251],[587893.841612567543052,4470585.996988316066563],[587887.954338720883243,4467751.70322005264461],[588337.164433898637071,4465372.365482238121331],[587601.706620188662782,4464037.136477747932076],[587383.785050458507612,4462534.799628709442914],[586728.769749680184759,4458011.196716244332492],[586417.627643753890879,4456518.941473273560405],[585793.213696212391369,4453536.686317290179431],[585133.291350926854648,4450560.770865245722234],[584905.070790251367725,4449054.005724439397454],[584135.013869678368792,4446105.8459901381284],[583765.551651701563969,4444627.5386299835518],[583138.933378485729918,4441645.589574385434389],[582944.984846463659778,4440133.748360183089972],[582265.911064188927412,4436021.282044001854956],[582059.518656755331904,4434522.671396262943745],[581567.899001131183468,4431530.187827779911458],[580955.424124509328976,4428543.133587887510657],[580681.936319524073042,4427042.766705627553165],[580232.965342674287967,4424029.792458215728402],[580095.681404387578368,4420999.044955885969102],[579762.559389835805632,4419514.765009854920208],[579464.44663611589931,4418020.880518999882042],[579259.848957991926,4413516.48627320677042],[579096.760442164377309,4412000.729009290225804],[579647.577344609424472,4409054.906682632863522],[579509.010241880081594,4407645.968158260919154],[579426.571981356013566,4404698.036106403917074],[579326.556087723351084,4402197.26951133646071],[578096.60407613532152,4399741.548466242849827],[576601.088809857610613,4395555.158303774893284],[575700.927594353444874,4393285.220506344921887],[574745.841702228877693,4392109.303639606572688],[572748.523064559558406,4389806.977072084322572],[571846.240082984091714,4388578.668002107180655],[570200.022691301070154,4385415.690268444828689],[569997.374989203643054,4383907.660096125677228],[568070.866326495306566,4381545.141640352085233],[567388.770887877093628,4378607.850871065631509],[566292.668578900280409,4375974.532249579206109],[565614.938239888986573,4374609.114563619717956],[564378.498137656948529,4371954.942435045726597],[563744.754633506410755,4370593.406582301482558],[562944.694536761147901,4367650.094490688294172],[561912.394920891267247,4365039.109349866397679],[559968.191858943318948,4361013.878730015829206],[558939.687987014651299,4360033.77002153173089],[556885.895151963224635,4356584.579012421891093],[555612.909769347636029,4355795.156184622086585],[553778.752759396797046,4353118.652152176946402],[552288.577526830369607,4352833.271315962076187],[547647.264327292097732,4350621.601720103994012],[544742.469369856989942,4349703.226809352636337],[542133.428808319149539,4348193.789819341152906],[540848.163582309382036,4347396.778230951167643],[538087.322204370982945,4344507.344758556224406],[537008.580637128092349,4343438.983699399977922],[534723.652195843635127,4341420.903483124449849],[533521.732559218769893,4340483.446677757427096],[531929.598631663713604,4336919.969517366960645],[530979.901385845965706,4335726.486600578762591],[530338.129551485530101,4333698.659233335405588],[528730.063690021401271,4331107.979956761002541],[527046.818635978386737,4328696.060457468032837],[525631.590647159377113,4325995.746576665900648],[524037.52568723692093,4323454.960177072323859],[523165.625827740121167,4322205.004187548533082],[522366.285292591142934,4320906.526978199370205],[520855.235840969893616,4318264.562208720482886],[518312.692254391964525,4313701.7455512015149],[517576.99810669827275,4312251.899552719667554],[515318.10731558164116,4310532.696769608184695],[515154.163707916624844,4307901.274957301095128],[515032.865335055859759,4305585.102456718683243],[514356.193131306907162,4304791.523161485791206],[513085.605180722544901,4304318.810218338854611],[510790.570170253573451,4303186.793041137978435],[508280.221877435338683,4301586.929565160535276],[506837.819218607270159,4301133.91136840172112],[505359.494023842504248,4300951.894943214952946],[504371.812305498984642,4299908.186344866640866],[503423.729195007006638,4299012.207354163751006],[502117.837933484755922,4298089.607299317605793],[501343.598206175433006,4298170.44489529915154],[499920.147787537600379,4298158.125019434839487],[492764.03904944245005,4294586.046662426553667],[491923.780120685172733,4294032.020059755071998],[492552.879093765572179,4286309.67320519965142],[487865.237438826821744,4286336.086003274656832],[484599.852820307190996,4287895.264082839712501]]]}},
{"type":"Feature","properties":{"name":"river_channels_above_tide","refinement_level":2,"zmin":-100.0,"zmax":100.0,"why":"50 m along the two reaches whose BED sits above +3 m (Delaware falls -> Washington Crossing -0.8..+6.5, Raritan New Brunswick -> Manville -1.4..+7.7; `riverbeds_v4`), which `low_water`'s +3 m gate would leave at 100 m — one face across a 60-100 m Raritan. NHD centreline + 150 m, ungated."},"geometry":{"type":"Polygon","coordinates":[[[536585.987684268970042,4489011.01819575112313],[536596.504237085697241,4489001.560544606298208],[536616.760111818788573,4488981.538311176002026],[536626.201912020333111,4488971.295895354822278],[536634.652819160255603,4488960.221743403933942],[536642.039947104291059,4488948.411366033367813],[536655.592732988647185,4488924.323280837386847],[536663.634549716487527,4488907.715544867329299],[536679.299851236632094,4488869.540260485373437],[536686.008902293164283,4488849.142146221362054],[536694.520646039163694,4488815.259843294508755],[536720.457707974361256,4488721.052442546933889],[536723.473038893193007,4488707.770983409136534],[536731.789325314573944,4488661.500933760777116],[536733.841364753083326,4488644.660664624534547],[536736.058318680850789,4488610.430478617548943],[536736.304262501886114,4488596.230794357135892],[536735.206202760455199,4488582.071494012139738],[536713.050937807653099,4488405.400143269449472],[536712.408895572531037,4488400.846802400425076],[536700.483422414632514,4488324.729864802211523],[536698.749591885134578,4488310.554772093892097],[536698.796678760903887,4488302.314076351001859],[536699.564657202572562,4488285.553467560559511],[536701.088089686702006,4488272.17497624270618],[536702.845143850776367,4488263.470028581097722],[536704.854792690253817,4488258.891843719407916],[536709.440524046425708,4488250.348165346309543],[536738.767286872374825,4488267.369013984687626],[536812.665748680010438,4488311.524429028853774],[536818.797056966577657,4488314.995223796926439],[536866.656372389406897,4488340.622220392338932],[536873.723418059526011,4488344.169945290312171],[536982.702652554842643,4488395.327869457192719],[536983.182086112210527,4488395.55189786106348],[537041.369225318892859,4488422.616476062685251],[537059.188178278738633,4488432.342310902662575],[537072.861363723292015,4488442.063540850766003],[537109.771124820923433,4488475.674523873254657],[537169.431804165593348,4488534.571363396011293],[537186.318557904101908,4488552.767535583116114],[537186.326369834481739,4488552.775165581144392],[537186.333397496375255,4488552.783523523248732],[537202.324858855572529,4488570.009956421330571],[537204.02355489123147,4488571.809827875345945],[537229.216692861053161,4488598.066129298880696],[537233.808763704728335,4488602.649330205284059],[537254.81570330215618,4488622.727797666564584],[537264.09446588717401,4488630.892110373824835],[537299.625185459968634,4488659.647062413394451],[537324.930176779278554,4488682.134892551228404],[537348.285639103152789,4488705.596597875468433],[537370.820392141933553,4488729.701559293083847],[537382.418725489405915,4488745.215401189401746],[537394.309306029346772,4488765.27331686206162],[537395.505744220339693,4488767.256492073647678],[537413.008773018489592,4488795.768894439563155],[537417.792569982237183,4488803.075709978118539],[537424.646956567885354,4488812.908146069385111],[537434.100270913331769,4488825.08370401058346],[537444.753224682295695,4488836.224796384572983],[537453.158338709385134,4488844.155856403522193],[537457.049759071436711,4488847.700803066603839],[537492.192348852404393,4488878.603690235875547],[537500.551825599977747,4488885.437190656550229],[537552.546367570525035,4488924.905955823138356],[537556.45118591375649,4488927.77189801633358],[537603.373467338853516,4488961.058330834843218],[537605.344056226196699,4488962.315630626864731],[537607.226014424697496,4488963.702085354365408],[537611.545597565593198,4488966.272415671497583],[537615.783030266407877,4488968.976035533472896],[537617.867367162485607,4488970.034129597246647],[537619.876159542705864,4488971.229444003663957],[537650.626439498155378,4488987.539676876738667],[537657.156353306258097,4488990.802154086530209],[537708.471024184371345,4489014.898039200343192],[537712.38131295714993,4489016.666375054977834],[537766.002615567063913,4489039.997257872484624],[537768.542827445548028,4489041.074838264845312],[537813.742654556292109,4489059.760342259891331],[537817.042898031882942,4489061.079097100533545],[537861.482643573428504,4489078.229230158962309],[537868.059401695965789,4489080.592821060679853],[537907.923658461309969,4489093.879287836141884],[537916.374609538121149,4489096.422270513139665],[537938.101065733004361,4489102.268804152496159],[537968.964429574436508,4489116.23791962955147],[538073.070399305550382,4489166.772849153727293],[538106.380251918104477,4489183.029167565517128],[538108.445435063098557,4489183.91436670999974],[538110.445460250717588,4489184.938309189863503],[538130.224204169702716,4489193.868068022653461],[538135.704563554376364,4489196.212409502826631],[538169.413124758633785,4489209.846177903935313],[538183.567579785711132,4489214.763753184117377],[538201.292836675420403,4489219.945429678075016],[538218.25145358662121,4489225.874223351478577],[538236.424460150883533,4489233.373500879853964],[538236.475126906996593,4489233.391553953289986],[538236.523796588298865,4489233.414451449178159],[538239.052922610309906,4489234.456001732498407],[538239.53497822524514,4489234.653544562868774],[538239.725144691532478,4489234.731087963096797],[538247.399464559042826,4489241.34153232909739],[538342.509773883153684,4489339.709746074862778],[538391.263415252324194,4489393.491851236671209],[538394.729955876013264,4489397.188469828106463],[538455.41918774752412,4489459.753197920508683],[538460.650140745914541,4489464.888552729040384],[538482.544181769364513,4489485.356209402903914],[538489.745866486337036,4489492.107375077903271],[538516.723663106327876,4489518.640548666939139],[538522.132524421089329,4489523.703632802702487],[538573.323432619217783,4489569.302959046326578],[538583.072603617561981,4489577.278954486362636],[538627.418069336912595,4489610.551366534084082],[538632.85190253762994,4489614.442239886149764],[538696.352547305985354,4489657.804753354750574],[538699.184767935657874,4489659.692029728554189],[538744.724909581826068,4489689.297626234591007],[538818.247693890356459,4489744.477936859242618],[538820.510646865935996,4489746.143424799665809],[538908.456822524312884,4489809.608819205313921],[538914.173940888955258,4489813.536735813133419],[539020.742010044050403,4489883.182464213110507],[539074.910113879828714,4489920.224712859839201],[539079.346978262765333,4489923.144882305525243],[539116.076054677600041,4489946.397111175581813],[539124.674353066598997,4489951.448150603100657],[539146.106279934640042,4489963.097847636789083],[539162.733140032389201,4489970.858328963629901],[539200.274009656277485,4489985.656644460745156],[539201.323692189878784,4489986.065873194485903],[539207.131080358405598,4489988.304851221852005],[539245.749269949272275,4490003.200834300369024],[539249.425871354294941,4490004.564056470058858],[539328.364003900554962,4490032.664932733401656],[539335.884974899352528,4490035.120812474749982],[539412.164401507820003,4490057.820970561355352],[539419.192036933382042,4490059.727931993082166],[539528.089700818178244,4490086.457400273531675],[539532.139816622133367,4490087.392220562323928],[539605.000951836002059,4490103.149525191634893],[539613.605960698449053,4490104.749232387170196],[539690.336344222887419,4490116.709289098158479],[539694.086611652281135,4490117.245430260896683],[539737.442825284670107,4490122.885939258150756],[539744.242306861444376,4490123.613343616947532],[539783.389317862456664,4490126.900689204223454],[539789.040360583458096,4490127.267958479933441],[539826.660441091982648,4490129.000551025383174],[539837.79939013638068,4490129.099496901035309],[539972.973710402846336,4490125.278833133168519],[539981.329098460380919,4490124.809133475646377],[539993.118871043319814,4490123.815804110839963],[540041.82615724101197,4490119.779069940559566],[540048.88539102836512,4490119.025440410710871],[540093.844202373642474,4490113.14664691220969],[540100.999666972202249,4490112.034723540768027],[540134.055501011200249,4490106.077533163130283],[540141.121868196176365,4490104.627815796993673],[540183.409287093323655,4490094.887073088437319],[540191.789697300642729,4490092.700082869268954],[540227.940961646498181,4490082.142174629494548],[540239.509994070511311,4490078.245966761372983],[540257.699083527433686,4490071.284018385224044],[540257.703956009354442,4490071.281873726285994],[540257.709015135886148,4490071.280216618441045],[540298.787329611950554,4490055.553984729573131],[540312.388294831267558,4490049.558490532450378],[540349.084428876521997,4490031.159608718939126],[540349.110393634065986,4490031.14495384786278],[540349.137665004353039,4490031.132903709076345],[540357.875912555493414,4490026.747337020933628],[540364.672050941502675,4490023.1150116128847],[540366.466353441239335,4490022.095912688411772],[540371.401329947984777,4490019.330344014801085],[540414.122253641253337,4489995.336039368063211],[540426.317569243605249,4489987.694661425426602],[540453.693342443089932,4489968.653688262216747],[540462.874341089045629,4489961.731096456758678],[540493.732248038402759,4489936.552040084265172],[540505.291052815387957,4489926.073223047889769],[540548.54170559020713,4489882.556922918185592],[540549.336902347160503,4489881.750779062509537],[540665.968858324922621,4489762.617115499451756],[540675.27979664504528,4489752.173697172664106],[540744.106438392191194,4489667.318674277514219],[540752.59616011264734,4489655.76400588825345],[540775.446102423360571,4489621.328945213928819],[540777.198851919267327,4489618.624935713596642],[540808.194304554956034,4489569.663156527094543],[540811.177962345187552,4489564.743746671825647],[540853.839401898090728,4489491.261888885870576],[540854.076214004075155,4489490.852508807554841],[540902.160831482382491,4489407.424857421778142],[540903.208580170525238,4489405.57687094528228],[540958.281575527624227,4489306.81736137252301],[540963.223374134162441,4489297.148522206582129],[540980.724215245107189,4489259.613661453127861],[540986.506537812994793,4489245.341568302363157],[540991.912207949440926,4489229.742370159365237],[540998.986826521111652,4489209.334511165507138],[541002.624759424943477,4489197.209450137801468],[541034.83266755391378,4489070.692482463084161],[541037.765752123785205,4489056.227707851678133],[541077.652088859118521,4488793.81638356950134],[541078.294761815690435,4488789.081872147507966],[541100.611414557206444,4488602.41792069375515],[541109.046288578654639,4488545.708165530115366],[541109.046759401331656,4488545.703404368832707],[541109.047694333014078,4488545.698712224140763],[541118.424010595423169,4488482.631793292239308],[541135.875061013386585,4488411.872021249495447],[541167.35070335061755,4488314.701634269207716],[541260.580005627009086,4488130.864092945121229],[541321.092108158278279,4488039.821496495045722],[541360.491819905117154,4487988.32933730725199],[541439.257657034904696,4487907.815883506089449],[541467.640560020343401,4487884.775345034897327],[541599.967526342836209,4487779.025010836310685],[541600.988134111161344,4487778.123864154331386],[541602.077521609258838,4487777.307199958711863],[541637.118595669511706,4487748.246803984977305],[541696.464054700452834,4487699.041570706292987],[541710.850037951720878,4487687.282471439801157],[541964.598289139685221,4487479.700707680545747],[541965.766023113508709,4487478.735544697381556],[542122.518572313128971,4487347.837464673444629],[542230.281757238553837,4487264.621680103242397],[542434.228838687296957,4487114.75079121440649],[542434.563251147046685,4487114.50433374196291],[542507.576958316727541,4487060.538037801161408],[542508.828346262453124,4487059.616788626648486],[542520.502137663774192,4487050.082404497079551],[542702.988186008064076,4486885.08049844764173],[542713.531763216829859,4486874.549119821749628],[542828.353921676403843,4486747.855158915743232],[542867.231157814851031,4486704.973047545179725],[542875.15204288624227,4486695.477351281791925],[542903.034904057276435,4486659.10162256564945],[542910.010046195471659,4486649.197917823679745],[543035.781178283854388,4486454.358839405700564],[543035.781684044515714,4486454.357964470051229],[543035.782273119548336,4486454.357143309898674],[543073.056346333469264,4486396.612091110087931],[543077.199454242014326,4486389.803117581643164],[543242.626728797098622,4486100.917617876082659],[543377.955486958380789,4485864.610817936249077],[543381.862756072659977,4485857.330113398842514],[543389.432906511472538,4485842.240784954279661],[543603.098517843638547,4485416.705770534463227],[543739.724331744015217,4485173.097205688245595],[543775.022229911177419,4485136.205674385651946],[543788.641960312379524,4485119.774949354119599],[543938.825507778674364,4484909.81938225030899],[543938.825931819505058,4484909.818723360076547],[543938.826418391079642,4484909.818109205923975],[544000.609812668873928,4484823.443443971686065],[544079.823057902045548,4484777.853990398347378],[544095.642896763631143,4484771.757242646999657],[544174.576753077912144,4484743.453622350469232],[544238.996135145891458,4484724.927425460889935],[544253.973814455559477,4484722.428837333805859],[544352.9468396975426,4484717.632700325921178],[544435.12552820914425,4484719.055445591919124],[544443.594914153916761,4484719.21231653727591],[544476.806220311904326,4484719.945867623202503],[544495.208591586677358,4484719.221478880383074],[544536.748463145573623,4484715.02124004624784],[544548.426596781704575,4484713.374423823319376],[544575.013461895519868,4484708.552471574395895],[544580.976598579552956,4484707.345563280396163],[544682.391388218267821,4484684.669503609649837],[544683.536065513500944,4484684.408849477767944],[544888.600463561830111,4484636.86885576043278],[544909.194874167675152,4484630.504609390161932],[545140.845101821585558,4484540.220907660201192],[545202.568558869999833,4484519.704883702099323],[545224.780912733986042,4484512.564761846326292],[545280.775797138689086,4484499.092487008310854],[545317.674102311604656,4484494.705826462246478],[545352.397349084611051,4484491.631549069657922],[545465.156883020536043,4484487.744448291137815],[545812.518042383948341,4484475.814802726730704],[545818.231772338273004,4484475.622303861193359],[545831.247908686520532,4484474.615347821265459],[545858.778932550456375,4484471.27503617387265],[545881.103569622617215,4484468.598339645192027],[545917.736190109746531,4484464.189788993448019],[545938.727973650442436,4484461.64934157859534],[545940.725526367546991,4484461.30742615647614],[545942.742335769231431,4484461.108421478420496],[546245.960615410702303,4484416.074496996589005],[546247.758168883388862,4484415.796375205740333],[546347.475026876199991,4484399.748279985971749],[546365.907666667480953,4484395.575903575867414],[546432.438788459985517,4484376.037305077537894],[546437.944563866709359,4484374.304648524150252],[546541.642859512590803,4484339.464498690329492],[546552.828540323069319,4484335.202528492547572],[546569.899785100715235,4484327.905320222489536],[546585.96279429725837,4484321.060643082484603],[546597.974887542659417,4484315.299024545587599],[546609.428383818594739,4484308.494316222146153],[546727.521191660314798,4484231.038432871922851],[546727.522052762447856,4484231.037805567495525],[546727.522971199243329,4484231.03726567234844],[547036.926516769570298,4484028.096317882649601],[547047.700938674155623,4484020.32578884344548],[547050.373053850373253,4484018.212667169980705],[547314.564505832735449,4483809.301708397455513],[547325.039901844342239,4483800.199854861944914],[547334.629312652978115,4483790.168859909288585],[547384.372227048734203,4483733.065843912772834],[547470.912013710476458,4483633.72771465126425],[547483.992601348785684,4483618.725608446635306],[547582.537868512095883,4483505.77252035215497],[547595.223132466664538,4483488.988330119289458],[547600.949182048090734,4483480.191205076873302],[547691.936039306106977,4483340.417132936418056],[547696.130812651827,4483333.579983795061707],[547742.532139349379577,4483253.20427689421922],[547748.688636153470725,4483241.350598500110209],[547766.100962136290036,4483203.8292590174824],[547766.508221121039242,4483202.972857526503503],[547774.034731799503788,4483186.76965943723917],[547774.331499669002369,4483186.12994172424078],[547776.62825923867058,4483181.171647819690406],[547778.499426214955747,4483176.963909142650664],[547794.441420278861187,4483139.579423272050917],[547802.623737973393872,4483120.394775156863034],[547806.474354370846413,4483110.389976005069911],[547833.228719893028028,4483032.701619637198746],[547834.026289730449207,4483030.321142993867397],[547855.093572957441211,4482965.650781730189919],[547858.083490504184738,4482955.20134174451232],[547870.975235604331829,4482903.074172464199364],[547871.615903757163323,4482900.376954105682671],[547938.902659693500027,4482604.984850103966892],[547968.581466376199387,4482498.512709697708488],[547972.931171069387347,4482486.504651141352952],[547983.144616371253505,4482464.612184876576066],[547985.344702099915594,4482460.714127545244992],[548006.709833674831316,4482422.900835337117314],[548042.165201639640145,4482379.086556610651314],[548074.166939321905375,4482343.683382474817336],[548111.296256829285994,4482310.509089595638216],[548149.094804166583344,4482283.92201414052397],[548160.704893797868863,4482274.872532470151782],[548171.372073359438218,4482264.728638743050396],[548180.993612080696039,4482253.588024199940264],[548189.476849284372292,4482241.557979051023722],[548196.740086758509278,4482228.754359205253422],[548202.713375555933453,4482215.300470522604883],[548207.339189640013501,4482201.325881304219365],[548210.572979892604053,4482186.965174484997988],[548212.383603145601228,4482172.356651521287858],[548212.753622107440606,4482157.64100047480315],[548211.679473293130286,4482142.959941109642386],[548209.171501343022101,4482128.454860053956509],[548205.253859398071654,4482114.26544916536659],[548199.964276491547935,4482100.528360229916871],[548193.353694198653102,4482087.375888922251761],[548185.485776040586643,4482074.934700731188059],[548176.436294369981624,4482063.324611100368202],[548166.292400642647408,4482052.65743153821677],[548155.151786100119352,4482043.03589281719178],[548143.121740950620733,4482034.552655613049865],[548130.318121105316095,4482027.289418139494956],[548116.86423242231831,4482021.316129341721535],[548102.889643204398453,4482016.690315257757902],[548088.528936384944245,4482013.456525005400181],[548073.920413421001285,4482011.645901751704514],[548059.204762374632992,4482011.275882790796459],[548044.523703009705059,4482012.350031604990363],[548030.018621953437105,4482014.858003554865718],[548015.829211065662093,4482018.775645500048995],[548002.092122129979543,4482024.065228406339884],[547988.939650822314434,4482030.675810699351132],[547976.498462631134316,4482038.543728857301176],[547931.563378193182871,4482070.150564692914486],[547917.920439684181474,4482080.983662899583578],[547868.31618305540178,4482125.304061116650701],[547856.980485883657821,4482136.574458729475737],[547816.862862549140118,4482180.956148841418326],[547811.535586371552199,4482187.183500241488218],[547765.650074033765122,4482243.886920413002372],[547758.227119052433409,4482253.881159849464893],[547751.658490322879516,4482264.456517960876226],[547724.136284393374808,4482313.166969913057983],[547724.12068523815833,4482313.198046618141234],[547724.102128760656342,4482313.227453295141459],[547719.03311686986126,4482322.208602851256728],[547713.728237719042227,4482332.519492965191603],[547698.238375279121101,4482365.72193160187453],[547693.140566716436297,4482378.052748832851648],[547684.582317106076516,4482401.679171707481146],[547681.12331937381532,4482412.489081620238721],[547648.955236416426487,4482527.891452135518193],[547647.193116962327622,4482534.85323843639344],[547579.416521228151396,4482832.395762776955962],[547568.163119703298435,4482877.898366319946945],[547549.169031512457877,4482936.2046287804842],[547524.569849479827099,4483007.634841488674283],[547518.489969448419288,4483021.890015063807368],[547503.447693448862992,4483057.164632632397115],[547501.938218336435966,4483060.422872131690383],[547494.24692768836394,4483076.960159801878035],[547479.377071405644529,4483109.002675493247807],[547438.324087912566029,4483180.114059660583735],[547349.54622360970825,4483316.494675317779183],[547258.271736847003922,4483421.113676656037569],[547257.903058035182767,4483421.536558490246534],[547245.279851103783585,4483436.003812330774963],[547244.331691576167941,4483437.101145781576633],[547244.292700218618847,4483437.146715084090829],[547158.168167397961952,4483536.008178740739822],[547158.166700836736709,4483536.010039151646197],[547158.165059040766209,4483536.011746905744076],[547117.565102391061373,4483582.618987398222089],[546866.830665824236348,4483780.888731355778873],[546562.986503316788003,4483980.183222974650562],[546456.067684067762457,4484050.310199740342796],[546452.21885224187281,4484051.950241832993925],[546452.142173669417389,4484051.987461791373789],[546452.06224969541654,4484052.017077455297112],[546440.420468155760318,4484056.993428368121386],[546345.136324382969178,4484089.006624198518693],[546290.459397131693549,4484105.063929410651326],[546200.98847686254885,4484119.463077927008271],[545900.673346023191698,4484164.065827270038426],[545881.841516362619586,4484166.344905029982328],[545845.356946671963669,4484170.735653096809983],[545822.960113886278123,4484173.421005803160369],[545822.855758450808935,4484173.438749057240784],[545822.750176944071427,4484173.446327100507915],[545801.594937310903333,4484176.013071210123599],[545454.85021837009117,4484187.921545968391001],[545454.840588561724871,4484187.922351131215692],[545454.830926190013997,4484187.922209775075316],[545338.024604922276922,4484191.94881334900856],[545329.963667799718678,4484192.444236825220287],[545288.973471037577838,4484196.073368514887989],[545284.494139008922502,4484196.537818100303411],[545236.577705361880362,4484202.234370502643287],[545219.1973346255254,4484205.347179630771279],[545149.139431159943342,4484222.20299315918237],[545143.749346702359617,4484223.783315419219434],[545138.323951760306954,4484225.237797659821808],[545110.055134131456725,4484234.324759079143405],[545109.360863551613875,4484234.586166533641517],[545108.646246880060062,4484234.78533611446619],[545042.607912365579978,4484256.735565700568259],[545035.450292442692444,4484259.318044281564653],[544810.321990077383816,4484347.059881220571697],[544616.355857868562452,4484392.026968605816364],[544518.483244476257823,4484413.911007701419294],[544500.696860112133436,4484417.136852333322167],[544474.207359418156557,4484419.815296567976475],[544449.952295441296883,4484419.279565500095487],[544449.417835619417019,4484419.268713460303843],[544440.590557400137186,4484419.105213592760265],[544440.49982548574917,4484419.107987894676626],[544440.409251182922162,4484419.101965044625103],[544353.208953419001773,4484417.592281536199152],[544343.352083579520695,4484417.745617799460888],[544230.687627675710246,4484423.205228284932673],[544213.265929567045532,4484425.074027695693076],[544181.135148409171961,4484430.434109632857144],[544164.359442473738454,4484434.23244621232152],[544087.02776581980288,4484456.472055184654891],[544077.855884892866015,4484459.431935290805995],[543992.720797024783678,4484489.959155338816345],[543989.409581474377774,4484491.190667039714754],[543961.115508214104921,4484502.094812717288733],[543950.482498655794188,4484506.671336326748133],[543940.234077891800553,4484512.054210322909057],[543831.675462273880839,4484574.532751027494669],[543819.473462823894806,4484582.363823680207133],[543808.084519442054443,4484591.336362792178988],[543794.175567005877383,4484603.428170023486018],[543781.620997223770246,4484615.704352794215083],[543770.587040542624891,4484629.36355063971132],[543694.823418156360276,4484735.282909669913352],[543550.864260505302809,4484936.536822593770921],[543509.816054744995199,4484979.438276967965066],[543501.491503349738196,4484988.904896337538958],[543493.991231160820462,4484999.037070601247251],[543487.36821178032551,4485009.76323732174933],[543339.760292349616066,4485272.953277226537466],[543336.538509064586833,4485279.019307661801577],[543121.320134203531779,4485707.646795627661049],[543121.309911829070188,4485707.669919045642018],[543121.297479597269557,4485707.691933338530362],[543115.569336123531684,4485719.109650720842183],[542982.293310958426446,4485951.832033186219633],[542982.292211113031954,4485951.834193010814488],[542982.290904927882366,4485951.836234677582979],[542818.843501580064185,4486237.264287088066339],[542783.732005455065519,4486291.659071497619152],[542661.248888489673845,4486481.404502226039767],[542640.818284235778265,4486508.058083911426365],[542606.088734977762215,4486546.365241185761988],[542606.080577655578963,4486546.375178017653525],[542606.07148719788529,4486546.384268991649151],[542496.250600048108026,4486667.559862360358238],[542324.813367811380886,4486822.571548697538674],[542256.413731643813662,4486873.12746690493077],[542051.193821101798676,4487023.933696599677205],[542049.806420043925755,4487025.062126881442964],[542048.339034660952166,4487026.084387476556003],[541936.893807598855346,4487112.143480969592929],[541932.427395905135199,4487115.730696394108236],[541774.057326668174937,4487247.979505757801235],[541520.964492138940841,4487455.025113370269537],[541506.195475485292263,4487467.097304048016667],[541505.385656225960702,4487467.763987035490572],[541445.629904796020128,4487517.309406969696283],[541411.616377520258538,4487545.517632743343711],[541279.903888591448776,4487650.776901579461992],[541279.010024785529822,4487651.496862282045186],[541243.5076203586068,4487680.316835892386734],[541230.822342816623859,4487691.879287925548851],[541139.675749555812217,4487785.048195830546319],[541127.771473901928402,4487798.792533596977592],[541079.803966233623214,4487861.482092255726457],[541074.00827232375741,4487869.602553345263004],[541005.859065650147386,4487972.135442834347486],[540997.00192325480748,4487987.322683860547841],[540894.484603333286941,4488189.475135689601302],[540889.602677004644647,4488200.111088655889034],[540885.564783537061885,4488211.095264389179647],[540848.822317938786,4488324.525184660218656],[540845.886242651729845,4488334.831561787053943],[540825.458259782986715,4488417.662072069942951],[540822.725367480306886,4488431.521047997288406],[540812.309953471878543,4488501.577139592729509],[540803.55947655485943,4488560.408771489746869],[540802.98794489633292,4488564.6701685115695],[540780.699696042458527,4488751.096540344879031],[540742.282700309995562,4489003.841102774254978],[540713.460497673600912,4489117.058566779829562],[540708.458122875541449,4489131.488710041157901],[540708.455744607374072,4489131.496839417144656],[540708.452581860823557,4489131.504696890711784],[540705.568526644958183,4489139.827244814485312],[540693.621424741926603,4489165.450745049864054],[540641.711757075274363,4489258.537625246681273],[540594.275640404899605,4489340.840116400271654],[540553.177576738526113,4489411.629149805754423],[540524.582986377528869,4489456.798421428538859],[540506.592363788979128,4489483.910445257090032],[540446.698696159175597,4489557.75217876303941],[540335.362081188708544,4489671.476918427273631],[540298.017103293794207,4489709.051270769909024],[540277.669183375663124,4489725.654516853392124],[540260.930832738638856,4489737.296726296655834],[540224.677987835952081,4489757.658285926096141],[540219.968151039793156,4489760.297685948200524],[540214.596724327187985,4489762.9935068115592],[540184.578983989311382,4489778.043943898752332],[540150.454819304984994,4489791.107881250791252],[540137.975882109254599,4489795.884245496243238],[540111.847093707299791,4489803.515108630992472],[540077.297211780794896,4489811.473539749160409],[540051.356304410845041,4489816.148506461642683],[540013.509346226928756,4489821.09735731035471],[539968.238458045874722,4489824.849291682243347],[539960.235982456477359,4489825.519051195122302],[539834.894673182396218,4489829.061787700280547],[539805.671217309311032,4489827.715901643037796],[539772.754293921170756,4489824.951723738573492],[539734.668047748389654,4489819.996821171604097],[539664.135262452764437,4489809.002791514620185],[539597.584820798947476,4489794.610268267802894],[539494.242706018150784,4489769.244436893612146],[539425.246827646740712,4489748.711805541068316],[539351.883995907963254,4489722.595658749341965],[539315.083933591493405,4489708.40097196213901],[539315.072454003035091,4489708.397179817780852],[539315.061400606646203,4489708.392282521352172],[539309.768352789571509,4489706.351603060029447],[539281.302756665856577,4489695.130688987672329],[539272.32963429170195,4489690.253192075528204],[539242.059998673736118,4489671.090268204919994],[539188.787917381501757,4489634.66075449809432],[539186.176526407012716,4489632.914831530302763],[539081.197601389139891,4489564.307660943828523],[538997.203839482855983,4489503.694482632912695],[538920.760870856582187,4489446.322515649721026],[538916.574841652647592,4489443.490868717432022],[538912.477956653456204,4489440.531713730655611],[538864.125578231760301,4489409.09788515791297],[538804.790604390320368,4489368.579972123727202],[538768.160883167758584,4489341.096684758551419],[538724.443936892785132,4489302.154939715750515],[538698.826324467780069,4489276.959533026441932],[538696.233064469997771,4489274.469444289803505],[538687.644242926733568,4489266.417917532846332],[538687.492975467350334,4489266.27630914747715],[538668.201487637124956,4489248.241650803014636],[538611.829470410593785,4489190.127553441561759],[538563.157536412007175,4489136.435582970269024],[538559.860219056834467,4489132.91370047070086],[538458.316389927058481,4489027.891593410633504],[538448.375153708853759,4489018.506171127781272],[538427.744700643233955,4489000.735676204785705],[538413.717766058980487,4488990.023700698278844],[538395.351227383012883,4488977.637543086893857],[538382.110406300751492,4488969.668311554938555],[538368.119901596917771,4488963.103726855479181],[538353.050648277043365,4488956.958999237976968],[538350.812054339563474,4488956.037096521817148],[538328.871122953947634,4488946.982946175150573],[538321.155053954105824,4488944.044656472280622],[538296.621742046670988,4488935.467722091823816],[538289.207581550581381,4488933.08977966196835],[538274.944567806785926,4488928.92023089248687],[538250.953743658494204,4488919.216899498365819],[538235.93878115573898,4488912.437905110418797],[538204.504734428250231,4488897.097042497247458],[538204.219575577182695,4488896.958248532377183],[538098.156505101476796,4488845.473306742496789],[538094.504583411850035,4488843.760878862813115],[538050.699936570599675,4488823.934389005415142],[538046.236762977670878,4488822.172737657092512],[538041.836429034476168,4488820.259521673433483],[538039.394359238678589,4488819.471984590403736],[538037.007636734866537,4488818.529925575479865],[538032.393282507779077,4488817.214224570430815],[538027.826609423267655,4488815.741529396735132],[537998.593531343853101,4488807.874983061105013],[537966.233246554736979,4488797.089535555802286],[537926.712275987607427,4488781.837650208733976],[537884.429820519057103,4488764.358180903829634],[537834.041461818502285,4488742.433967298828065],[537787.973945592530072,4488720.801994230598211],[537769.029571079765446,4488710.753722787834704],[537732.004878861829638,4488684.488590472377837],[537686.242395056644455,4488649.75054570287466],[537662.656579960137606,4488629.010190843604505],[537651.781324661686085,4488611.294419563375413],[537636.390739238355309,4488585.332435324788094],[537627.497018027701415,4488572.007499903440475],[537606.160869049956091,4488543.468430366367102],[537595.598134986590594,4488530.847631238400936],[537565.827697950066067,4488499.002807604148984],[537562.559303087182343,4488495.614840407855809],[537534.306636337423697,4488467.233653483912349],[537527.641168229049072,4488460.935212815180421],[537496.320206593954936,4488433.101159994490445],[537491.043084761593491,4488428.625061148777604],[537457.629866801900789,4488401.583799630403519],[537443.4395966733573,4488388.02071607299149],[537421.349696070421487,4488364.998610238544643],[537406.207577587920241,4488348.687112363986671],[537387.095902180881239,4488328.093495503999293],[537382.528152402141131,4488323.382547730579972],[537318.380783996544778,4488260.056462538428605],[537313.994403368327767,4488255.897384992800653],[537268.153553010663018,4488214.153521113097668],[537254.076605111826211,4488202.80833697412163],[537225.775054087513126,4488182.68677228782326],[537210.722209323663265,4488173.273762853816152],[537180.866032362100668,4488156.977842058055103],[537172.26287087413948,4488152.634816306643188],[537109.944271382177249,4488123.648572399280965],[537004.784851539996453,4488074.283776888623834],[536963.518707599723712,4488052.187193999066949],[536891.826349918032065,4488009.349958534352481],[536890.182628877810203,4488008.381941022351384],[536827.285571092390455,4487971.877356226556003],[536816.906595088774338,4487966.38497722428292],[536786.23936519480776,4487951.662874756380916],[536784.479235513368621,4487950.831915642134845],[536759.534928777371533,4487939.252992574125528],[536756.298788658808917,4487937.749021215364337],[536739.274209643132053,4487931.066481093876064],[536721.562906663282774,4487926.505518488585949],[536709.470459063304588,4487924.166865731589496],[536702.811215240508318,4487923.21517236251384],[536696.160254397429526,4487922.207220315001905],[536695.526476980070584,4487922.174087626859546],[536694.89821749588009,4487922.084301098249853],[536688.177757519762963,4487921.789910431019962],[536681.460026263725013,4487921.438720108009875],[536680.826053080381826,4487921.467868013307452],[536680.192018224741332,4487921.440094029530883],[536673.475063799647614,4487921.805841200053692],[536666.755257553886622,4487922.114794763736427],[536666.127194119617343,4487922.205942551605403],[536665.493489988031797,4487922.240448591299355],[536658.84472902212292,4487923.262811254709959],[536652.18756322900299,4487924.228933313861489],[536651.57145813643001,4487924.381203182972968],[536650.944187647663057,4487924.477656932547688],[536644.427651389618404,4487926.146789166145027],[536637.897238148842007,4487927.760775446891785],[536637.29902482253965,4487927.972700956277549],[536636.684228938654996,4487928.130173512734473],[536630.362675118260086,4487930.430000679567456],[536624.021905956091359,4487932.676307594403625],[536623.447345533175394,4487932.945847778581083],[536622.850945058744401,4487933.162822600454092],[536616.785253699868917,4487936.071196112781763],[536610.695193684543483,4487938.928190493024886],[536610.149819481186569,4487939.252749539911747],[536609.577558093587868,4487939.527137035503983],[536603.826145148719661,4487943.016047657467425],[536598.045444858609699,4487946.456215094774961],[536597.534509134013206,4487946.832667318172753],[536596.991898015723564,4487947.161824990063906],[536591.610152741428465,4487951.197672600857913],[536586.194483474479057,4487955.187882404774427],[536543.354194579995237,4487990.121231284923851],[536542.06804911873769,4487991.181949583813548],[536524.727557708392851,4488005.645766558125615],[536510.552555503323674,4488019.130731180310249],[536506.006336333695799,4488024.059173797257245],[536490.048961305175908,4488041.382417323067784],[536482.448979869368486,4488050.309173089452088],[536475.569379929453135,4488059.80221217032522],[536457.290497732232325,4488087.219384914264083],[536449.930889247800224,4488099.488338902592659],[536437.721292035887018,4488122.236045548692346],[536432.537070809979923,4488132.883222206495702],[536421.655461340909824,4488157.672637534327805],[536415.99152392486576,4488172.719266734085977],[536411.970535755855963,4488188.285669384524226],[536405.744941548560746,4488219.129039409570396],[536403.742781272740103,4488231.836233935318887],[536400.917162211379036,4488256.650277532637119],[536400.111226319335401,4488266.755505157634616],[536398.973519106628373,4488291.585193692706525],[536398.818751805112697,4488297.59397810138762],[536398.699808744248003,4488318.410257783718407],[536399.80700169375632,4488337.478902311995625],[536403.009590141940862,4488363.661961950361729],[536403.707718537771143,4488368.668124482035637],[536415.668513619923033,4488445.010511978529394],[536435.764571216888726,4488605.261253633536398],[536435.017691043787636,4488616.793224112130702],[536429.410218796576373,4488647.992007575929165],[536404.83384918468073,4488737.25716439075768],[536403.973178187734447,4488740.526804327964783],[536397.672154683154076,4488765.608995885588229],[536390.343739680014551,4488783.467849508859217],[536345.545937356073409,4488820.086322269402444],[536336.180275312624872,4488828.418502537533641],[536304.458921603043564,4488859.107972198165953],[536293.257766276947223,4488871.444752784445882],[536575.803130747401156,4489019.343220112845302],[536585.987684268970042,4489011.01819575112313]]]}},
{"type":"Feature","properties":{"name":"river_channels_above_tide","refinement_level":2,"zmin":-100.0,"zmax":100.0,"why":"50 m along the two reaches whose BED sits above +3 m (Delaware falls -> Washington Crossing -0.8..+6.5, Raritan New Brunswick -> Manville -1.4..+7.7; `riverbeds_v4`), which `low_water`'s +3 m gate would leave at 100 m — one face across a 60-100 m Raritan. NHD centreline + 150 m, ungated."},"geometry":{"type":"Polygon","coordinates":[[[512381.400522969895974,4458360.791497817263007],[512386.856889518036041,4458353.506422500126064],[512393.333227756200358,4458344.289416373707354],[512399.134474032383878,4458335.37758607044816],[512404.942671460681595,4458325.723040125332773],[512410.164056141395122,4458316.292564895004034],[512415.264496140298434,4458306.244646360166371],[512419.778082522389013,4458296.504096002317965],[512424.147855089395307,4458286.114577708765864],[512427.943992557877209,4458276.103314709849656],[512431.56052886787802,4458265.431460458785295],[512434.367988334561232,4458256.175433951430023],[512434.848430999380071,4458254.385588894598186],[512459.979562895954587,4458187.863897462375462],[512460.498380570905283,4458186.469723789952695],[512480.874853360292036,4458130.871919231489301],[512481.36609697813401,4458129.51127553358674],[512506.51733558595879,4458058.781562984921038],[512507.046099568775389,4458057.269043552689254],[512531.438836091547273,4457986.279223872348666],[512531.94666205055546,4457984.775464629754424],[512555.586438891536091,4457913.532846511341631],[512556.08826270501595,4457911.992742108181119],[512578.957897983083967,4457840.497283126227558],[512579.433894962072372,4457838.981599607504904],[512601.544933660770766,4457767.248285819776356],[512601.890892033290584,4457766.109897644259036],[512611.946590690931771,4457732.543332436122],[512612.578325657173991,4457730.608695683069527],[512617.233407774707302,4457717.572346786037087],[512622.0086833932437,4457705.789945784956217],[512627.287276719987858,4457694.207159999758005],[512633.0547750123078,4457682.83594180829823],[512639.280621936428361,4457671.750178524293005],[512645.98025721590966,4457660.917436303570867],[512653.128212886746041,4457650.379391280002892],[512657.191468146862462,4457644.900280695408583],[512660.606988890096545,4457641.972090229392052],[512676.115946720528882,4457628.197534027509391],[512680.408294753346127,4457624.232996081002057],[512695.368358690815512,4457609.865498390980065],[512699.501139153086115,4457605.738774417899549],[512713.889800430159084,4457590.800586900673807],[512717.864530436869245,4457586.509677836671472],[512731.658925935451407,4457571.022963434457779],[512735.495235342765227,4457566.541608052328229],[512748.672779162414372,4457550.521127565763891],[512752.265372738882434,4457545.977407887578011],[512764.814588830457069,4457529.460060607641935],[512768.267486470984295,4457524.726167472079396],[512780.16002449055668,4457507.734195551835001],[512783.430926205939613,4457502.86047727894038],[512794.649759978929069,4457485.415965751744807],[512797.72200596035691,4457480.427307197824121],[512808.249919080000836,4457462.55991994868964],[512811.119013927411288,4457457.466238602995872],[512820.944906843767967,4457439.198071111924946],[512822.570252854726277,4457436.089668734930456],[512824.40721008752007,4457432.474239252507687],[512832.037106258620042,4457414.70563009660691],[512885.372151157062035,4457264.451276834122837],[512886.452760004962329,4457261.795499732717872],[512892.24537814949872,4457248.698775351978838],[512898.2025956576108,4457236.593850650824606],[512904.645729041367304,4457224.756669889204204],[512911.569811953755561,4457213.191270511597395],[512918.960520076740067,4457201.92648587282747],[512927.035740976862144,4457190.656133815646172],[512930.349178351811133,4457186.365789803676307],[512933.299235492828302,4457182.413307681679726],[512943.600810342410114,4457168.127176172100008],[512947.469304670521524,4457162.496400356292725],[512957.10855345800519,4457147.757808646187186],[512960.768369664961938,4457141.86913154926151],[512969.716674482973758,4457126.700146703980863],[512973.077381267212331,4457120.692247022874653],[512981.323540715908166,4457105.122545245103538],[512984.391200327663682,4457098.996119887568057],[512991.912473074859008,4457083.077302834019065],[512994.051955907081719,4457078.338106695562601],[512997.523586014460307,4457070.278386095538735],[513001.068742602015845,4457061.256188873201609],[513017.137274512730073,4457016.130563315935433],[513017.699986582214478,4457014.521409469656646],[513018.167175395414233,4457013.160650983452797],[513022.151878752338234,4456999.466628702357411],[513023.425026801472995,4456994.163234433159232],[513025.683965947944671,4456982.854329722933471],[513027.06741977808997,4456971.405304117128253],[513027.513261779153254,4456965.967236677184701],[513028.012324526964221,4456954.581784880720079],[513027.645551371504553,4456943.191304043866694],[513027.263668307976332,4456937.759221808053553],[513026.007706781092566,4456926.257164237089455],[513024.334342356945854,4456917.360600423999131],[513034.202829721674789,4456889.170378439128399],[513045.07602651824709,4456859.363331248052418],[513058.30778766295407,4456827.486078777350485],[513059.145560620585456,4456825.424712016247213],[513076.977517282532062,4456780.598260367289186],[513077.644894220342394,4456778.890265746042132],[513085.935952224826906,4456757.282542024739087],[513086.297320740937721,4456756.331124544143677],[513091.561973887786735,4456742.327313113026321],[513102.32915361225605,4456715.217465922236443],[513113.578704946208745,4456688.828646854497492],[513125.483202113711741,4456662.728188290260732],[513138.037611804029439,4456636.916995070874691],[513151.229283565888181,4456611.426974937319756],[513165.054549865017179,4456586.259861199185252],[513179.487328502058517,4456561.457485899329185],[513194.53144559863722,4456537.031467150896788],[513210.182058439706452,4456512.978333670645952],[513226.798496575094759,4456488.780604348517954],[513231.764420827850699,4456481.791108529083431],[513232.848905019287486,4456480.244165133684874],[513245.767468960490078,4456461.567580696195364],[513248.02266125974711,4456458.211408907547593],[513262.955555498541798,4456435.327977570705116],[513265.31401717918925,4456431.594900700263679],[513279.567386355367489,4456408.281003724783659],[513281.809128470253199,4456404.490297041833401],[513295.371780395274982,4456380.768294652923942],[513297.486160964239389,4456376.94173794426024],[513310.352123912132811,4456352.833823530934751],[513312.385680689068977,4456348.883648045361042],[513324.532448809302878,4456324.404406361281872],[513326.418118479370605,4456320.460954553447664],[513337.845545888820197,4456295.64016991481185],[513339.635704770858865,4456291.595973788760602],[513350.326770772400778,4456266.448241218924522],[513351.989771937718615,4456262.371324455365539],[513361.938768091262318,4456236.9190155249089],[513363.479018824524246,4456232.801688177511096],[513371.592079574475065,4456210.106243079528213],[513371.600755508174188,4456210.077612166292965],[513371.612184971978422,4456210.049964951351285],[513372.694665983959567,4456207.018026301637292],[513373.574566655501258,4456204.482067727483809],[513375.740167852432933,4456198.055484816431999],[513377.295783226203639,4456193.164070374332368],[513377.968697234173305,4456190.915695680305362],[513379.5948287647916,4456185.051904178224504],[513382.483444586046971,4456173.750219033099711],[513384.73110090312548,4456163.464044475927949],[513386.82054960768437,4456151.983422148041427],[513388.332264279248193,4456141.644859630614519],[513389.616850763268303,4456130.051836047321558],[513390.405368685023859,4456119.628605809062719],[513390.879423836944625,4456107.974821561016142],[513390.938797599636018,4456097.477142984047532],[513390.596474464458879,4456085.814679604023695],[513389.92676529311575,4456075.391820716671646],[513388.773531466606073,4456063.779567191377282],[513387.377145221806131,4456053.410920789465308],[513385.418719778943341,4456041.915788146667182],[513384.116628513496835,4456035.477422485128045],[513383.951653678610455,4456032.306899832561612],[513383.980309919046704,4456027.011156775057316],[513384.313542596297339,4456021.749865110963583],[513384.949928104295395,4456016.508539833128452],[513385.879053850716446,4456011.362809142097831],[513387.134163774666376,4456006.150269974023104],[513388.658454728196375,4456001.106175903230906],[513390.477956838847604,4455996.149903288111091],[513392.74667861382477,4455990.913477608002722],[513393.713295662484597,4455988.969749654643238],[513422.433798592304811,4455940.00436317268759],[513425.500158372276928,4455934.51615325640887],[513427.508134719566442,4455930.738442171365023],[513428.552395417820662,4455928.737644438631833],[513442.246322016988415,4455902.011894220486283],[513444.022871335968375,4455898.427717852406204],[513457.003142701345496,4455871.338181636296213],[513458.688619830296375,4455867.696407834067941],[513470.938187617110088,4455840.272488744929433],[513472.533940122986678,4455836.566932373680174],[513484.041444280534051,4455808.823676199652255],[513485.517219984962139,4455805.127975492738187],[513496.282601768441964,4455777.09472815785557],[513497.677254520764109,4455773.311887403018773],[513507.689090968749952,4455744.988798609003425],[513508.966953115945216,4455741.215006191283464],[513518.219671812606975,4455712.64630987867713],[513519.404725525469985,4455708.813193581067026],[513527.89247783011524,4455679.999050145968795],[513528.68928309174953,4455677.193735671229661],[513532.187490326468833,4455664.405902333557606],[513532.453994568553753,4455663.418471143580973],[513533.386441099864896,4455659.916223381645977],[513536.502198758302256,4455649.607716770842671],[513539.756311151431873,4455640.454860642552376],[513543.427778047160245,4455631.496849849820137],[513548.070315414457582,4455621.571840825490654],[513548.720234943029936,4455620.285447403788567],[513551.347172915528063,4455615.236020636744797],[513552.381118991936091,4455613.535289320163429],[513553.470159445016179,4455611.989247556775808],[513554.278697911184281,4455610.992257768288255],[513554.378975782601628,4455610.912320040166378],[513559.561334385827649,4455606.586898303590715],[513570.685943000542466,4455596.868886785581708],[513576.78314496827079,4455591.237722307443619],[513587.353279501548968,4455580.919217399321496],[513592.992844488704577,4455575.108465554192662],[513602.991345885093324,4455564.233947426080704],[513606.4270148750511,4455560.365427352488041],[513608.89855112490477,4455557.483912381343544],[513610.037785734864883,4455556.139806549996138],[513641.271732845227234,4455518.847121248953044],[513659.814791926706675,4455497.05453933775425],[513735.882263160543516,4455422.529674600809813],[513755.032006411522161,4455406.272353958338499],[513781.855428028153256,4455384.388837520964444],[513809.045824782340787,4455363.15861571021378],[513836.689959661103785,4455342.501605810597539],[513864.766302553820424,4455322.433543215505779],[513893.254267317068297,4455302.968187146820128],[513922.147119498753455,4455284.116097220219672],[513951.42748257011408,4455265.885041621513665],[513981.099669837509282,4455248.279396929778159],[514011.147792345378548,4455231.296858850866556],[514041.542741012875922,4455214.95770516153425],[514070.424948889238294,4455200.214084745384753],[514070.431435060745571,4455200.210361710749567],[514070.438254620705266,4455200.207291678525507],[514072.27408935589483,4455199.269915007986128],[514103.799740692600608,4455184.013304755091667],[514114.417731010005809,4455179.058529792353511],[514115.101073952449951,4455178.737558289431036],[514881.74695093545597,4454816.280251030810177],[514888.776283028244507,4454812.728195030242205],[514913.889157681376673,4454799.199131030589342],[514917.621308646921534,4454797.119392906315625],[514922.14020320866257,4454794.516218116506934],[514922.142595676647034,4454794.514678803272545],[514922.145127454772592,4454794.513381308875978],[514942.037074731313623,4454783.053332666866481],[514945.722505039651878,4454780.859332568943501],[514969.71536957565695,4454766.107339958660305],[514973.324428007763345,4454763.816815891303122],[514996.893286833772436,4454748.38317508623004],[515000.448005344369449,4454745.982114185579121],[515023.564599217672367,4454729.881748252548277],[515027.079263905703556,4454727.357779555954039],[515049.721012509486172,4454710.597952582873404],[515053.076679380144924,4454708.040197275578976],[515075.237773895030841,4454690.650422750040889],[515078.59141406940762,4454687.940046718344092],[515081.885513361077756,4454685.198590487241745],[515170.137431492446922,4454667.204957233741879],[515171.729416371206753,4454666.798083716072142],[515173.347778543364257,4454666.51371468603611],[515401.882950841856655,4454614.682228746823967],[515405.893050829181448,4454613.714578429237008],[515488.654478113225196,4454592.535561957396567],[515499.323082715040073,4454589.379523972049356],[515568.320592278789263,4454566.152792815119028],[515574.595557949971408,4454563.883847644552588],[516003.094942222931422,4454398.077276111580431],[516022.824065787601285,4454388.74035226739943],[516431.119387087528594,4454157.752471294254065],[516433.936178143194411,4454156.118293222971261],[516816.905045883264393,4453928.344731817021966],[516821.537063850322738,4453925.474645462818444],[517429.282203431241214,4453533.450646730139852],[517472.390930034103803,4453507.201917413622141],[517484.881636985868681,4453498.705786048434675],[517534.855369821016211,4453460.897633071057498],[517537.401063432742376,4453458.92836478818208],[517558.998045288724825,4453441.848152352496982],[517565.666428896482103,4453436.252336390316486],[517578.016168654023204,4453425.262757491320372],[517587.946506996580865,4453415.566612287424505],[517596.93814568198286,4453404.994134566746652],[517613.025364462111611,4453384.201258473098278],[517620.576184005301911,4453373.50834228657186],[517627.165990493784193,4453362.197825817391276],[517635.85920280899154,4453345.657497548498213],[517641.585961866308935,4453333.46048439014703],[517647.192439511767589,4453319.976367065683007],[517652.366857637942303,4453305.472486871294677],[517655.493304204661399,4453295.04626230429858],[517658.405267091293354,4453283.758154042996466],[517658.961398643034045,4453281.194191348738968],[517749.628393015766051,4453221.920422073453665],[517784.181302519631572,4453199.789946418255568],[517785.857633529347368,4453198.70046656858176],[517830.404306429845747,4453169.324614390730858],[517832.255706172960345,4453168.083894805051386],[517876.361921809788328,4453138.048810041509569],[517878.224298559245653,4453136.759896874427795],[517921.867400781775359,4453106.065510396845639],[517923.697087390057277,4453104.758074978366494],[517966.876976449391805,4453073.411513002589345],[517968.68814164493233,4453072.075832058675587],[518011.39338506286731,4453040.084634835831821],[518013.178364875202533,4453038.726525218226016],[518055.403461224457715,4453006.098070534877479],[518057.178085482155439,4453004.705333455465734],[518098.905935879738536,4452971.446971378289163],[518100.654746533604339,4452970.031540033407509],[518141.879582805268001,4452936.150647413916886],[518143.610118556418456,4452934.706475635059178],[518184.32077207043767,4452900.210328155197203],[518186.01365771132987,4452898.754075956530869],[518226.204164131719153,4452863.657545269466937],[518227.198620734852739,4452862.781357944011688],[518229.518482995161321,4452860.719116966240108],[518703.252942415478174,4452476.156733080744743],[518852.8484678423265,4452354.720883213914931],[518863.804063994495664,4452346.305117596872151],[518930.149668028578162,4452295.945934449322522],[518996.752268943528179,4452246.385806179605424],[519063.81532044528285,4452197.454342001117766],[519131.496388507424854,4452149.057400388643146],[519162.525367030582856,4452127.192449775524437],[519162.930476510897279,4452126.905980546027422],[519177.830618934356607,4452116.332480661571026],[519180.443607973167673,4452114.435627139173448],[519204.369949122949038,4452096.670374542474747],[519207.591350152855739,4452094.210281324572861],[519231.026001271500718,4452075.807341909967363],[519234.147924592485651,4452073.287515270523727],[519257.085006242326926,4452054.261945580132306],[519260.150593103491701,4452051.648868750780821],[519282.567404377216008,4452032.015241658315063],[519285.562112445710227,4452029.320427137427032],[519307.441794812388252,4452009.093506585806608],[519309.928109813830815,4452006.74183745123446],[519324.548398966377135,4451992.593847984448075],[519330.217158969724551,4451986.803641982376575],[519335.057824399089441,4451981.584428003057837],[519344.144503394025378,4451970.813774161972106],[519349.073351315397304,4451964.381175463087857],[519357.590625962940976,4451952.031973971985281],[519361.857077647990081,4451945.131502686999738],[519369.035613695159554,4451932.121612725779414],[519372.593933036900125,4451924.8420475628227],[519376.634098074689973,4451915.837371548637748],[519377.672919309523422,4451913.30185007955879],[519381.614219488634262,4451902.505548668093979],[519388.370762776816264,4451895.597505923360586],[519393.731047494919039,4451889.820982962846756],[519396.532525684917346,4451886.638220802880824],[519439.581651769054588,4451841.194243718869984],[519440.103156960918568,4451840.640924691222608],[519442.393493308860343,4451838.198496121913195],[519442.431257151940372,4451838.16316791344434],[519445.97906156652607,4451836.398513496853411],[519451.995521529519465,4451833.233921793289483],[519478.800921051646583,4451818.349562656134367],[519479.47057008522097,4451818.007334172725677],[519481.946052756218705,4451817.1522580049932],[519481.913802014430985,4451817.058890705928206],[519486.341132211848162,4451815.64661717414856],[519491.133593730104621,4451813.853352440521121],[519502.128045406832825,4451809.233218596316874],[519512.720715338888112,4451803.754263575188816],[519517.163294611440506,4451801.227647088468075],[519527.506973668176215,4451794.774965041317046],[519537.292476540023927,4451787.503600962460041],[519541.271817401924636,4451784.287612967193127],[519550.319330691709183,4451776.355169307440519],[519558.701932486437727,4451767.723069544881582],[519562.115346589358523,4451763.913575771264732],[519569.814500670065172,4451754.590811770409346],[519576.737779798451811,4451744.678238527849317],[519579.494441891845781,4451740.371399807743728],[519582.953929062525276,4451734.333100750111043],[519586.445694030320738,4451728.313409425318241],[519586.96456621051766,4451727.308271531946957],[519591.274391946848482,4451718.224910122342408],[519591.800943464506418,4451717.0117616513744],[519592.052817745832726,4451716.517563041299582],[519593.743203357968014,4451713.707229692488909],[519594.179908121586777,4451712.976504166610539],[519600.321861456613988,4451702.632809231989086],[519601.605870261846576,4451700.427899301983416],[519617.482176819874439,4451672.623853978700936],[519618.96894887072267,4451669.957428451627493],[519627.838012301072013,4451653.663713974878192],[519652.697200219205115,4451610.303418524563313],[519654.988185703055933,4451606.15699923504144],[519667.774614910478704,4451582.126232261769474],[519668.802799787023105,4451580.1588981365785],[519688.741583979455754,4451541.310356593690813],[519689.983481492265128,4451538.834652950055897],[519709.202934102446306,4451499.621785906143486],[519710.396930522751063,4451497.127804706804454],[519728.891249504929874,4451457.565315034240484],[519730.025744701968506,4451455.079674621112645],[519747.795129304635338,4451415.189689827151597],[519748.894515155931003,4451412.659360609017313],[519765.927248770662118,4451372.44933692459017],[519766.982385081006214,4451369.893065251410007],[519783.273126074345782,4451329.370387516915798],[519784.280972951382864,4451326.795054658316076],[519799.817946417024359,4451285.989229312166572],[519800.765570325660519,4451283.430684911087155],[519815.560365021403413,4451242.341821228154004],[519816.479425608878955,4451239.713054046034813],[519830.509147647710051,4451198.355812949128449],[519831.042816743080039,4451196.753036760725081],[519834.559903017885517,4451185.988263462670147],[519836.27836853946792,4451180.356417718343437],[519837.331841468869243,4451176.644424991682172],[519837.921379003732,4451174.507129336707294],[519845.615428446675651,4451145.786919650621712],[519846.601637130486779,4451141.898305845446885],[519853.52464570599841,4451112.983616314828396],[519854.420064450416248,4451109.005812618881464],[519860.555072313291021,4451079.911500772461295],[519861.332867303630337,4451075.96103164087981],[519862.441602559294552,4451069.901738007552922],[519881.764999065722805,4451033.916668244637549],[519883.161412867892068,4451030.978815484791994],[519884.71669135132106,4451028.121883717365563],[519886.319181405764539,4451024.335327000357211],[519888.084292518207803,4451020.621788402087986],[519889.186022277222946,4451017.561209726147354],[519890.453783390519675,4451014.565590910613537],[519891.677409557567444,4451010.640196002088487],[519893.070030742324889,4451006.77152796741575],[519893.86646620213287,4451003.617698413319886],[519894.834500709024724,4451000.512242002412677],[519895.667478797782678,4450996.485812606289983],[519896.674198353546672,4450992.499272518791258],[519897.157669404987246,4450989.282565189525485],[519897.816654604219366,4450986.09717842657119],[519912.351726305962075,4450893.021270498633385],[519915.179594720713794,4450886.125143649987876],[519924.485111409798265,4450865.211760467849672],[519934.405475357547402,4450844.580252720043063],[519944.934009451360907,4450824.238505081273615],[519956.434647118963767,4450803.533708584494889],[519956.750007522990927,4450802.990573485381901],[520281.998293851851486,4450319.94897080771625],[520296.633894837286789,4450300.310889330692589],[520298.397740083571989,4450297.89422544836998],[520319.242140429967549,4450268.728650492615998],[520321.164265254454222,4450265.974541841074824],[520341.34620221296791,4450236.355845976620913],[520343.198600630974397,4450233.571075816638768],[520362.712362532096449,4450203.51405284833163],[520364.512648038857151,4450200.671783161349595],[520383.352473906299565,4450170.176407323218882],[520385.075561334262602,4450167.316605902276933],[520403.230208219960332,4450136.412476326338947],[520404.902108542097267,4450133.4919209824875],[520422.359949710255023,4450102.186406498774886],[520423.954319813521579,4450099.251002467237413],[520440.709799085336272,4450067.566220072098076],[520442.244648768566549,4450064.583571974188089],[520458.286295617057476,4450032.534301432780921],[520459.766364784678444,4450029.492062458768487],[520475.082727868866641,4449997.085762083530426],[520476.463236421812326,4449994.079522214829922],[520491.060162495123222,4449961.345750845968723],[520492.40334217005875,4449958.23994030803442],[520506.257866563799325,4449925.185949573293328],[520507.521722220873926,4449922.073338953778148],[520520.633885482442565,4449888.713941021822393],[520521.390446986013558,4449886.748722687363625],[520524.85947335959645,4449877.545538275502622],[520529.547927387699019,4449862.861891843378544],[520757.197754664812237,4448998.983992681838572],[520758.469273612310644,4448993.784018327482045],[520760.844578950665891,4448983.259493443183601],[520767.852215518825687,4448954.478711656294763],[520775.413977273739874,4448926.433860499411821],[520783.014214803406503,4448900.765258225612342],[520786.495810664957389,4448886.462608470581472],[520788.558736862672959,4448871.887573813088238],[520789.183126289572101,4448857.180519805289805],[520788.362965734209865,4448842.483083415776491],[520786.106153791071847,4448827.936808993108571],[520782.434424792823847,4448813.681785109452903],[520777.383139496902004,4448799.855295438319445],[520771.000944542058278,4448786.590496635064483],[520763.349303954513744,4448774.015135961584747],[520754.501907215977553,4448762.250321015715599],[520744.543959593574982,4448751.409353397786617],[520733.57136156631168,4448741.596637550741434],[520721.689785251568537,4448732.906675294041634],[520709.013656724360771,4448725.423155713826418],[520695.665054031880572,4448719.218149193562567],[520681.772531515045557,4448714.351413340307772],[520667.469881760305725,4448710.869817478582263],[520652.894847103219945,4448708.806891280226409],[520638.187793095246889,4448708.182501853443682],[520623.490356706024613,4448709.002662409096956],[520608.944082282483578,4448711.259474352002144],[520594.689058399177156,4448714.931203350424767],[520580.862568728567567,4448719.982488646171987],[520567.597769924614113,4448726.364683601073921],[520555.022409251076169,4448734.016324188560247],[520543.257594305556267,4448742.863720927387476],[520532.416626687336247,4448752.821668549440801],[520522.603910840814933,4448763.794266576878726],[520513.913948583824094,4448775.675842891447246],[520506.430429003259633,4448788.351971418596804],[520500.225422483636066,4448801.700574111193419],[520495.358686629740987,4448815.593096627853811],[520487.236772194562946,4448843.023580283857882],[520486.236734325473662,4448846.559593469835818],[520477.717598707706202,4448878.155126115307212],[520476.803295058954973,4448881.719440897926688],[520469.061171983368695,4448913.516802624799311],[520468.483542871952523,4448915.979302546940744],[520466.419162302277982,4448925.126179086975753],[520241.418001340120099,4449778.953008502721786],[520241.042306771792937,4449779.949710752815008],[520228.929820892168209,4449810.76577278226614],[520216.37872593087377,4449840.710054142400622],[520203.144585158501286,4449870.387764102779329],[520189.257931566331536,4449899.769090794958174],[520174.724223239929415,4449928.805682518519461],[520159.533686229260638,4449957.531143118627369],[520143.708942217461299,4449985.908177144825459],[520127.252256138133816,4450013.921917218714952],[520110.174092704430223,4450041.565750882960856],[520092.487087374727707,4450068.80902299657464],[520074.192519019066822,4450095.657846139743924],[520055.194469648820814,4450122.239998838864267],[520039.307440639357083,4450143.557249180972576],[520035.156817144190427,4450149.414003517478704],[519705.114581661764532,4450639.575326666235924],[519699.818721464718692,4450648.034951820038259],[519696.27950236009201,4450654.130435256287456],[519694.869670613668859,4450656.612639668397605],[519681.604817825311329,4450680.493583098053932],[519679.519764706899878,4450684.380918783135712],[519666.96312071394641,4450708.641094133257866],[519664.99285649205558,4450712.588932208716869],[519653.155985883495305,4450737.206223363988101],[519651.294598063395824,4450741.228474071249366],[519640.188691560353618,4450766.188085239380598],[519638.449876227474306,4450770.256434742361307],[519628.086516876588576,4450795.528841441497207],[519622.387088865041733,4450812.136139330454171],[519618.667321547749452,4450829.295660126954317],[519605.356752346910071,4450914.530417741276324],[519586.9830875499174,4450948.746845960617065],[519580.333696403016802,4450962.840822905302048],[519575.182464339712169,4450977.548623453825712],[519571.584991375391837,4450992.711498413234949],[519566.594857624208089,4451019.982828979380429],[519561.295934782363474,4451045.11213884409517],[519555.31477144715609,4451070.093110481277108],[519548.463302751013543,4451095.668149876408279],[519546.139594489184674,4451102.780341814272106],[519532.828548449440859,4451142.019047955051064],[519518.967662484908942,4451180.514212344773114],[519504.408188701374456,4451218.752762835472822],[519489.149027357867453,4451256.709420416504145],[519473.193702368240338,4451294.375951828435063],[519456.541573728143703,4451331.757840570993721],[519439.211326401447877,4451368.83018324803561],[519421.209885714401025,4451405.557977455668151],[519402.410292866348755,4451442.18692918587476],[519391.257985875825398,4451463.146533009596169],[519366.752853930927813,4451505.889271214604378],[519365.136455991887487,4451508.782251506112516],[519356.204991107049864,4451525.190606214106083],[519341.718266158131883,4451550.56108867470175],[519340.917948750196956,4451551.90890730265528],[519339.979555674712174,4451552.388479173183441],[519335.422140404698439,4451554.817411538213491],[519309.331308577500749,4451569.30498934071511],[519304.116608039475977,4451571.898746848106384],[519295.07302875968162,4451576.790533254854381],[519285.733026721398346,4451582.264493161812425],[519276.388424309319817,4451588.215348882600665],[519267.477721292059869,4451594.36386386398226],[519258.546509583946317,4451601.029511760920286],[519250.116447514214087,4451607.822988912463188],[519241.762953056429978,4451615.078879045322537],[519233.858889862312935,4451622.473158022388816],[519226.915535347012337,4451629.408285706304014],[519221.527064560388681,4451635.154583626426756],[519176.852801488945261,4451682.314105129800737],[519173.153701506089419,4451686.364841702394187],[519171.143961261084769,4451688.648109595291317],[519168.741137476114091,4451691.104811004363],[519164.181815612944774,4451695.208478678949177],[519153.976260213647038,4451705.319693473167717],[519151.518834079557564,4451707.999508111737669],[519145.313322634785436,4451715.213162117637694],[519139.685325665865093,4451722.191510791890323],[519131.742654566012789,4451732.994559436105192],[519126.759968552796636,4451740.448144780471921],[519119.782360789715312,4451751.97485464066267],[519115.485136289615184,4451759.851919204927981],[519109.575147509865928,4451771.946532533504069],[519106.003059299255256,4451780.173358005471528],[519102.117778866784647,4451790.353354333899915],[519083.392730861378368,4451807.663937367498875],[519064.0066182538867,4451824.643145563080907],[519044.163985773455352,4451841.101969438605011],[519023.901226656045765,4451857.014061601832509],[519002.898492838954553,4451872.608542560599744],[518989.517371143214405,4451882.104108756408095],[518958.266760498285294,4451904.125235164538026],[518957.419993412506301,4451904.726317116990685],[518888.732871934131254,4451953.842660917900503],[518887.569471653550863,4451954.683018076233566],[518819.358020501967985,4452004.452393370680511],[518818.224521302792709,4452005.287612623535097],[518750.483208154037129,4452055.695076036266983],[518749.339462447154801,4452056.554661990143359],[518682.079608380445279,4452107.607800456695259],[518681.392267609597184,4452108.132651685737073],[518668.497158617945388,4452118.038293822668493],[518665.337452696985565,4452120.533623670227826],[518514.178537995903753,4452243.238572360016406],[518514.178316787292715,4452243.238770705647767],[518514.17807719897246,4452243.238946418277919],[518037.834268331353087,4452629.919516186229885],[518032.713402876339387,4452634.270327367819846],[518028.377138994110283,4452638.125048063695431],[517989.526819219929166,4452672.051255061291158],[517950.527871006575879,4452705.096990096382797],[517911.04282565577887,4452737.548024536110461],[517871.07676379266195,4452769.402187728323042],[517830.631629070325289,4452800.655218734405935],[517789.724525281751994,4452831.299400113523006],[517748.36517151776934,4452861.324339368380606],[517706.568135868757963,4452890.72037907410413],[517664.319065288058482,4452919.490800607018173],[517621.537236177711748,4452947.702844425104558],[517587.235326179070398,4452969.67255971301347],[517586.057298887928482,4452970.43485710490495],[517453.302932759572286,4453057.223348580300808],[517452.092200987332035,4453057.86517574172467],[517446.749268876097631,4453060.573563687503338],[517445.591657024808228,4453061.311212077736855],[517444.378871238965075,4453061.954128103330731],[517439.386845817381982,4453065.265014897100627],[517434.335109806503169,4453068.484060153365135],[517433.255374351399951,4453069.331622374244034],[517432.111445258080494,4453070.090316372923553],[517427.467981471214443,4453073.874564387835562],[517422.756092548253946,4453077.573265789076686],[517421.764631940226536,4453078.522579347714782],[517420.700576193630695,4453079.389744685962796],[517416.450393109407742,4453083.610909567214549],[517412.123729367216583,4453087.753646574914455],[517411.230091918550897,4453088.795569056645036],[517410.256156952586025,4453089.762854463420808],[517406.440186165156774,4453094.380284083075821],[517402.540415733121336,4453098.9271598784253],[517401.753207652596757,4453100.051657008938491],[517400.878773001721129,4453101.109746989794075],[517397.533764415187761,4453106.078972950577736],[517394.098444194940384,4453110.986198658123612],[517393.425246728060301,4453112.18244091514498],[517392.658733674674295,4453113.321145485155284],[517389.816901535436045,4453118.594311443157494],[517386.879115553514566,4453123.814627779647708],[517386.326411962858401,4453125.071094690822065],[517385.675202443671878,4453126.279447507113218],[517383.363915148365777,4453131.805769994854927],[517380.951955890108366,4453137.288902456872165],[517380.525069011724554,4453138.593493562191725],[517379.995434532116633,4453139.859857523813844],[517375.799880493141245,4453151.460217826999724],[517372.030127819569316,4453163.425749616697431],[517369.273426872154232,4453175.664441789500415],[517367.549060465942603,4453188.090686062350869],[517366.677270019659773,4453197.138459462672472],[517366.169282503600698,4453211.868181398138404],[517352.569012895226479,4453222.624105334281921],[517309.909863347245846,4453254.898333423770964],[517271.59822602343047,4453278.226134475320578],[517268.300160667859018,4453280.293442023918033],[516661.209339854016434,4453671.895374593324959],[516281.982076669228263,4453897.443589067086577],[515884.628018924500793,4454122.241589451208711],[515469.446003957127687,4454282.895044253207743],[515408.886956819100305,4454303.281123633496463],[515333.516790074063465,4454322.56868373695761],[515108.594711353594903,4454373.580724655650556],[514984.196727469039615,4454398.944158638827503],[514981.97283657087246,4454399.512532323598862],[514979.715638063615188,4454399.929418724961579],[514974.845582676643971,4454401.334089110605419],[514969.934845161391422,4454402.589156964793801],[514967.777373273915146,4454403.372773199342191],[514965.571905802411493,4454404.008896322920918],[514960.8629828277044,4454405.88415174279362],[514956.098910027591046,4454407.614512546919286],[514954.028634781774599,4454408.605824679136276],[514951.896138206066098,4454409.455058311112225],[514947.393697159714065,4454411.782839026302099],[514942.822169686492998,4454413.971828463487327],[514940.859028957609553,4454415.161289618350565],[514938.820040392514784,4454416.215455172583461],[514934.56744225154398,4454418.973343375138938],[514930.232486405351665,4454421.59988028742373],[514928.395386311516631,4454422.976035306230187],[514926.469542331818957,4454424.224980589933693],[514922.507741924666334,4454427.386416318826377],[514918.451105716463644,4454430.425205710344017],[514916.757738548505586,4454431.974801457487047],[514914.963586071855389,4454433.406498453579843],[514906.694512707355898,4454440.697090889327228],[514888.343293715326581,4454455.969570316374302],[514869.538344726432115,4454470.725782951340079],[514850.331546223605983,4454484.942998468875885],[514830.750680097728036,4454498.580782289616764],[514810.76455774565693,4454511.668332932516932],[514790.419572256912943,4454524.177430174313486],[514772.388486755720805,4454534.565408486872911],[514769.726197042677086,4454536.099059110507369],[514749.94059129973175,4454546.757032429799438],[513987.216054106422234,4454907.360396031290293],[513975.980836730566807,4454912.603193594142795],[513974.068645592255052,4454913.511985693126917],[513940.147233736410271,4454929.928006868809462],[513937.276741853915155,4454931.355216599069536],[513934.019936979340855,4454933.0181401995942],[513903.724729043256957,4454948.483060616068542],[513900.901137799955904,4454949.962459817528725],[513867.70317270088708,4454967.808407177217305],[513864.921251087740529,4454969.342050340026617],[513832.113506870518904,4454987.884265924803913],[513829.376656534499489,4454989.469373473897576],[513796.964550962555222,4455008.700716591440141],[513794.222681136918254,4455010.367479234002531],[513762.22923012933461,4455030.287805451080203],[513759.545249263988808,4455031.998733997344971],[513727.981547230039723,4455052.593507590703666],[513725.324571353499778,4455054.367766025476158],[513694.207805944548454,4455075.629338181577623],[513691.607503514096607,4455077.446713563986123],[513660.948945129290223,4455099.360460346564651],[513658.385428906185552,4455101.234088066034019],[513628.196599686634727,4455123.792614378966391],[513625.671329756849445,4455125.721635892055929],[513595.963397356681526,4455148.917545833624899],[513593.454588919354137,4455150.91999570466578],[513564.250402337580454,4455174.745826213620603],[513561.994620652927551,4455176.623227675445378],[513537.649803311040159,4455197.290946104563773],[513529.753837087948341,4455204.493748851120472],[513445.007987940858584,4455287.520998768508434],[513435.74121128639672,4455297.461708501912653],[513412.411213646002579,4455324.880101677030325],[513411.656816496513784,4455325.773735927417874],[513380.613082771829795,4455362.839310389943421],[513380.399581592297181,4455363.088227169588208],[513374.8936115221004,4455369.076601724140346],[513370.192384715715889,4455373.665912457741797],[513364.736806429107673,4455378.431686650030315],[513359.541099468013272,4455382.573507834225893],[513348.279368542833254,4455392.512691742740571],[513344.774956469598692,4455395.932542197406292],[513339.625520639412571,4455401.210991743952036],[513331.433886898041237,4455410.031590002588928],[513324.842474255361594,4455417.624305386096239],[513317.262131489696912,4455426.971447970718145],[513311.135428037378006,4455435.072044922038913],[513304.206441258138511,4455444.908688646741211],[513298.664217525743879,4455453.368704061955214],[513292.408951901423279,4455463.657950649037957],[513287.512431409035344,4455472.350952217355371],[513282.170220581581816,4455482.619600594975054],[513281.356368422566447,4455484.206946482881904],[513279.279605985211674,4455488.317506975494325],[513277.292232698062435,4455492.403760844841599],[513270.143714505480602,4455507.686159662902355],[513267.219174585712608,4455514.355594247579575],[513260.818576836725697,4455529.972410453483462],[513258.28017068450572,4455536.609717413783073],[513252.627493288135156,4455552.509027792140841],[513250.376173862896394,4455559.35860771778971],[513245.494119532639161,4455575.510919564403594],[513244.128251486690715,4455580.31758098397404],[513242.684476559283212,4455585.74036646168679],[513239.705971486109775,4455596.628408226184547],[513232.197150598920416,4455622.11928429082036],[513224.17646176519338,4455646.883964924141765],[513215.500523329712451,4455671.427851148881018],[513206.171263472118881,4455695.721411219798028],[513196.199117750511505,4455719.76309650298208],[513185.5907251543249,4455743.512807944789529],[513174.34192750195507,4455766.988797222264111],[513162.074778114620131,4455790.929977864958346],[513132.32368784956634,4455841.65287446603179],[513127.400390881346539,4455850.751713438890874],[513122.370683843269944,4455860.865731375291944],[513119.042329952877481,4455868.025217906571925],[513113.503460859006736,4455880.809454687871039],[513110.329387041565496,4455888.74846313521266],[513105.526959727751091,4455901.830140174366534],[513102.751196366851218,4455910.132474496029317],[513098.719341401243582,4455923.474452073685825],[513096.474298199580517,4455931.751055100001395],[513093.213292717526201,4455945.29418664611876],[513091.485301594657358,4455953.463413474150002],[513091.244863856118172,4455954.780123796314001],[513091.225392918509897,4455954.927306120283902],[513091.191875254677143,4455955.071937787346542],[513088.953266251948662,4455967.469914157874882],[513087.659845886402763,4455976.04352221544832],[513085.980099984968547,4455989.878052609972656],[513085.186484351113904,4455998.476308485493064],[513084.305949103902094,4456012.378764852881432],[513084.008182303747162,4456021.048600507900119],[513083.932745245168917,4456034.98955274745822],[513084.133202739525586,4456043.595766949467361],[513084.85713626164943,4456057.508480556309223],[513085.387897999142297,4456064.52901485748589],[513086.25688865466509,4456073.28436703979969],[513089.48535828338936,4456092.716458342038095],[513090.456191690464038,4456096.856323445215821],[513090.75938634731574,4456098.635948403738439],[513090.878938095585909,4456099.839750424027443],[513090.913852679252159,4456101.029240738600492],[513090.865827015775722,4456102.209864381700754],[513090.732910687685944,4456103.409396017901599],[513090.522679766232613,4456104.564524548128247],[513090.062078889401164,4456106.366621610708535],[513089.710342807054985,4456107.410424643196166],[513089.089204917603638,4456109.15017984714359],[513081.726158460311126,4456129.747537832707167],[513073.379036413738504,4456151.101805713959038],[513064.414658132474869,4456172.187989976257086],[513054.826226830773521,4456193.014408717863262],[513044.638550212199334,4456213.545515895821154],[513033.847924555535428,4456233.764716032892466],[513022.463392325502355,4456253.677038655616343],[513010.510475179820787,4456273.2281409567222],[512997.889264554250985,4456292.569107424467802],[512986.658287697297055,4456308.805918925441802],[512981.544977757381275,4456316.002858836203814],[512980.171696326986421,4456317.968838839791715],[512961.819484119769186,4456344.694293467327952],[512959.744144440919627,4456347.798620201647282],[512942.060217974241823,4456374.976715275086462],[512940.069300017494243,4456378.121178464964032],[512923.065108193084598,4456405.729625384323299],[512921.137145901739132,4456408.949437721632421],[512904.829609877371695,4456436.973537506535649],[512903.00753285450628,4456440.19553732406348],[512887.396685878571589,4456468.613070331513882],[512885.648440643853974,4456471.891076961532235],[512870.745805676619057,4456500.687159232795238],[512869.072969087224919,4456504.020423393696547],[512854.889714195451234,4456533.180435016751289],[512853.305102009093389,4456536.543649199418724],[512839.852686159836594,4456566.037899777293205],[512838.342483394488227,4456569.461468474939466],[512825.626562429999467,4456599.290048091672361],[512824.204349604784511,4456602.744875626638532],[512812.2363815511344,4456632.878094670362771],[512811.237840879883152,4456635.461516876704991],[512805.664913772721775,4456650.285327325575054],[512797.88462217093911,4456670.561918239109218],[512780.802815803326666,4456713.502621928229928],[512766.742145957890898,4456747.37683698348701],[512764.36446055356646,4456753.477823745459318],[512752.033575111767277,4456787.280880118720233],[512751.374718012812082,4456789.124302342534065],[512734.210676353948656,4456838.154931520111859],[512733.727773568767589,4456839.556558939628303],[512728.668362137977965,4456854.480582893826067],[512725.29611238988582,4456865.899773671291769],[512724.354348743334413,4456869.627603560686111],[512721.235913340584375,4456885.557068919762969],[512720.380874611262698,4456891.660404739901423],[512718.932405604398809,4456911.662479417398572],[512718.899131216807291,4456917.833841699175537],[512720.110049749375321,4456937.680921691469848],[512720.893254399939906,4456943.801762615330517],[512722.157800853659865,4456950.212247520685196],[512720.07828297780361,4456956.052205117419362],[512719.553735931811389,4456957.269991143606603],[512714.607134262623731,4456967.73950204346329],[512709.576186744670849,4456977.23851221986115],[512704.139027163444553,4456986.455474869348109],[512698.267869784438517,4456995.432584329508245],[512691.433661509654485,4457004.910203004255891],[512688.095580312539823,4457009.227073755115271],[512685.08213738433551,4457013.26232963707298],[512684.996910523856059,4457013.380544440820813],[512684.740155712293927,4457013.737782031297684],[512673.301964405050967,4457029.701734538190067],[512669.817671896016691,4457034.781841485761106],[512659.042143663216848,4457051.20570816937834],[512655.760267981619108,4457056.439802026376128],[512645.669834994478151,4457073.294003350660205],[512642.620624542643782,4457078.632415691390634],[512633.232510705769528,4457095.880048772320151],[512630.395025428209919,4457101.358406752347946],[512621.720577268803027,4457118.984679698012769],[512619.124626434000675,4457124.543753362260759],[512611.180814263352659,4457142.504184368997812],[512609.422785359376576,4457146.645792041905224],[512606.212385548162274,4457154.53588689211756],[512603.792817593668588,4457160.891407236456871],[512552.941790312877856,4457304.147838938049972],[512548.297341324621812,4457312.782735811546445],[512540.741016837360803,4457325.606908489950001],[512532.694791807676665,4457338.118232583627105],[512524.165602134889923,4457350.304676821455359],[512515.141496478172485,4457362.18225434795022],[512505.678208821336739,4457373.687161279842257],[512495.791564852755982,4457384.786714831367135],[512485.458318893332034,4457395.514604162424803],[512474.712380047596525,4457405.834897723980248],[512463.352367230283562,4457415.924494762904942],[512452.99668805336114,4457424.492604543454945],[512441.4948024492478,4457435.064994210377336],[512431.154934704944026,4457446.776353257708251],[512428.860129991313443,4457449.665873497724533],[512428.835696369467769,4457449.699947375804186],[512428.808058183465619,4457449.731477699242532],[512424.598960185190663,4457455.03747534006834],[512421.6293799271225,4457458.908609435893595],[512410.278627595223952,4457474.214570607990026],[512406.62620949948905,4457479.362645184621215],[512395.932255573221482,4457495.12846315279603],[512392.496058566379361,4457500.431462528184056],[512382.470249665959273,4457516.642345486208797],[512379.257285317929927,4457522.090993743389845],[512369.928002768894657,4457538.702744595706463],[512366.937673651205841,4457544.301595261320472],[512358.316440268012229,4457561.299246740527451],[512355.598822017374914,4457566.946766122244298],[512347.696854952897411,4457584.28600521851331],[512345.174452815786935,4457590.14827692694962],[512338.014597859233618,4457607.814332030713558],[512335.767245559371077,4457613.712994095869362],[512329.360731163062155,4457631.65415061544627],[512328.034162992204074,4457635.535948200151324],[512326.193957593641244,4457641.171426979824901],[512325.093664026586339,4457644.686682756990194],[512314.680122300342191,4457679.447751013562083],[512292.978305462456774,4457749.853454616852105],[512270.597436010430101,4457819.820925214327872],[512247.462663903250359,4457889.541622900404036],[512223.588161126186606,4457959.023234589025378],[512198.947684963757638,4458028.316593186929822],[512179.076066760229878,4458082.536887178197503],[512151.582438932207879,4458155.312066356651485],[512147.031198401586153,4458169.436040634289384],[512145.879314966907259,4458173.727276659570634],[512145.5351065742434,4458174.742983812466264],[512145.347451173176523,4458175.189151019789279],[512144.378952227183618,4458176.184271694160998],[512137.724441115278751,4458183.469541837461293],[512129.834631710429676,4458192.849750199355185],[512123.797112869331613,4458200.654060846194625],[512116.735923676926177,4458210.591156889684498],[512111.355123823741451,4458218.855266875587404],[512105.091371918388177,4458229.393594441004097],[512100.401331141532864,4458238.073321539908648],[512095.010423720174003,4458249.107642043381929],[512091.045383129792754,4458258.143648535013199],[512087.157983602781314,4458267.92112700920552],[512086.975428297300823,4458268.431765344925225],[512379.072052507370245,4458363.711349226534367],[512381.400522969895974,4458360.791497817263007]]]}},
{"type":"Feature","properties":{"name":"narrows_cut","refinement_level":3,"zmin":-40.0,"zmax":2.0,"why":"v3 verbatim."},"geometry":{"type":"Polygon","coordinates":[[[582935.0,4493101.0],[578234.0,4493101.0],[578234.0,4496664.62813388556242],[578843.357415911974385,4495882.245522883720696],[579647.948352963081561,4495013.775198318064213],[582107.70395934721455,4496017.443166706711054],[582935.0,4496612.145864304155111],[582935.0,4493101.0]]]}},
{"type":"Feature","properties":{"name":"arthur_kill_cut","refinement_level":3,"zmin":-40.0,"zmax":2.0,"why":"v3 verbatim."},"geometry":{"type":"Polygon","coordinates":[[[560567.0,4482390.0],[560567.0,4485756.0],[564831.0,4485756.0],[564831.0,4482390.0],[560567.0,4482390.0]]]}},
{"type":"Feature","properties":{"name":"cape_may_canal","refinement_level":3,"zmin":-40.0,"zmax":2.0,"why":"v3 verbatim."},"geometry":{"type":"Polygon","coordinates":[[[502166.468799185357057,4310673.500031905248761],[502166.468799185357057,4315117.261580501683056],[509094.054589741746895,4315117.261580501683056],[509094.054589741746895,4310673.500031905248761],[502166.468799185357057,4310673.500031905248761]]]}},
{"type":"Feature","properties":{"name":"surf_dune_00","refinement_level":3,"zmin":-8.0,"zmax":3.0,"why":"v3 verbatim."},"geometry":{"type":"Polygon","coordinates":[[[586670.737035464029759,4459098.10669123660773],[586431.629735809168778,4459153.048622848466039],[586199.0590541777201,4459231.162607788108289],[585975.264773369766772,4459331.696365676820278],[585762.402154647978023,4459453.681701469235122],[585562.521181393181905,4459595.943829697556794],[585377.546816643793136,4459757.112688300199807],[585209.260464649647474,4459935.636133062653244],[585059.282814975245856,4460129.794885623268783],[584929.058234372874722,4460337.719091054983437],[584819.840856741880998,4460557.406325597316027],[584732.682505132979713,4460786.740881089121103],[584668.422562118037604,4461023.514140392653644],[584627.679886076133698,4461265.445847587659955],[582371.84562121075578,4480334.186994816176593],[582355.012586384429596,4480578.947215310297906],[582362.251304100966081,4480824.178774379193783],[582393.492061551543884,4481067.519958051852882],[582448.4339931642171,4481306.627257706597447],[582526.547978103044443,4481539.197939338162541],[582627.081735991640016,4481762.992220145650208],[582749.067071784287691,4481975.854838867671788],[582891.329200013307855,4482175.735812122933567],[583052.498058615368791,4482360.710176872089505],[583231.021503378404304,4482528.996528865769506],[583425.180255938321352,4482678.97417854052037],[583633.104461370268837,4482809.19875914324075],[583852.791695912834257,4482918.416136774234474],[584082.126251404057257,4483005.574488382786512],[584318.899510707589798,4483069.834431397728622],[584560.83121790306177,4483110.577107439748943],[584805.591438396601006,4483127.410142266191542],[585050.822997465496883,4483120.171424550004303],[585294.164181138738059,4483088.930667098611593],[585533.271480793482624,4483033.988735486753285],[585765.842162424931303,4482955.874750547111034],[585989.636443232884631,4482855.340992658399045],[586202.49906195467338,4482733.355656865984201],[586402.380035209469497,4482591.09352863766253],[586587.354399958858266,4482429.924670035019517],[586755.640751953003928,4482251.40122527256608],[586905.618401627405547,4482057.242472711950541],[587035.84298222977668,4481849.318267280235887],[587145.060359860770404,4481629.631032737903297],[587232.218711469671689,4481400.29647724609822],[587296.478654484613799,4481163.52321794256568],[587337.221330526517704,4480921.591510747559369],[588304.675704101333395,4472743.6250223480165],[588096.023064428241923,4472093.743324531242251],[587893.841612567543052,4470585.996988316066563],[587887.954338720883243,4467751.70322005264461],[588337.164433898637071,4465372.365482238121331],[587601.706620188662782,4464037.136477747932076],[587383.785050458507612,4462534.799628709442914],[586882.22228505066596,4459070.955679282546043],[586670.737035464029759,4459098.10669123660773]]]}},
{"type":"Feature","properties":{"name":"surf_dune_01","refinement_level":3,"zmin":-8.0,"zmax":3.0,"why":"v3 verbatim."},"geometry":{"type":"Polygon","coordinates":[[[582190.373558649211191,4436855.310739623382688],[581952.40182548481971,4436914.979582517407835],[581721.424560607061721,4436997.686412387527525],[581499.666201341897249,4437102.634717249311507],[581289.262401914224029,4437228.813787558116019],[581092.239465931197628,4437375.008449889719486],[580910.494831969961524,4437539.810769727453589],[580745.778800207306631,4437721.633610640652478],[580599.677676071878523,4437918.725919278338552],[580473.598493256256916,4438129.189588964916766],[580368.755463212844916,4438350.997739511542022],[580286.158281633979641,4438582.014237174764276],[580226.602404530509375,4438820.014266796410084],[580190.661387555301189,4439062.705757987685502],[580178.68136234942358,4439307.751459018327296],[580190.777703104540706,4439552.791445831768215],[580226.833915446419269,4439795.465849404223263],[584658.520364242140204,4462047.455838842317462],[584718.189207135816105,4462285.427572007291019],[584800.89603700581938,4462516.404836884699762],[584905.844341868418269,4462738.16319615021348],[585032.023412177222781,4462948.566995576955378],[585178.218074508477002,4463145.58993156068027],[585343.020394345978275,4463327.334565521217883],[585524.843235259526409,4463492.050597283989191],[585721.935543896746822,4463638.151721419766545],[585932.399213583674282,4463764.230904235504568],[586154.207364130183123,4463869.073934278450906],[586385.223861793754622,4463951.671115857549012],[586623.223891415516846,4464011.226992961019278],[586865.915382606210187,4464047.168009935878217],[587110.961083636851981,4464059.148035142570734],[587356.001070450991392,4464047.051694387570024],[587597.930785921751522,4464011.106126727536321],[587383.785050458507612,4462534.799628709442914],[586728.769749680184759,4458011.196716244332492],[586417.627643753890879,4456518.941473273560405],[585793.213696212391369,4453536.686317290179431],[585133.291350926854648,4450560.770865245722234],[584905.070790251367725,4449054.005724439397454],[584135.013869678368792,4446105.8459901381284],[583765.551651701563969,4444627.5386299835518],[583138.933378485729918,4441645.589574385434389],[582944.984846463659778,4440133.748360183089972],[582398.523829970275983,4436824.384072980843484],[582190.373558649211191,4436855.310739623382688]]]}},
{"type":"Feature","properties":{"name":"surf_dune_02","refinement_level":3,"zmin":-8.0,"zmax":3.0,"why":"v3 verbatim."},"geometry":{"type":"Polygon","coordinates":[[[579702.949988472973928,4420202.370493936352432],[579467.793316104914993,4420272.315158052369952],[579240.624763347092085,4420364.972404047846794],[579023.632087545585819,4420479.449891992844641],[578818.90504678862635,4420614.645141096785665],[578628.415274393861182,4420769.256147207692266],[578453.997291001724079,4420941.793921816162765],[578297.330837138928473,4421130.596831834875047],[578159.924696398782544,4421333.846602030098438],[578043.102165030315518,4421549.585826007649302],[577947.988307872437872,4421775.736817104741931],[577875.499123363988474,4422010.121617649681866],[577826.332721978542395,4422250.482973887585104],[577800.962603038409725,4422494.506074561737478],[577799.633094657678157,4422739.840843815356493],[577822.357000728952698,4422984.124573708511889],[580203.788467400590889,4439660.577848235145211],[580250.346944286138751,4439901.457952909171581],[580320.291608402272686,4440136.614625276997685],[580412.948854397749528,4440363.78317803516984],[580527.426342342048883,4440580.775853835977614],[580662.621591446571983,4440785.502894593402743],[580817.232597557129338,4440975.99266698770225],[580989.770372166065499,4441150.410650379955769],[581178.573282184894197,4441307.077104242518544],[581381.823052380117588,4441444.483244983479381],[581597.562276357202791,4441561.305776351131499],[581823.713267454062589,4441656.419633509591222],[582058.098067999701016,4441728.908818017691374],[582298.459424237255007,4441778.075219403021038],[582542.482524911174551,4441803.445338343270123],[582787.817294165259227,4441804.774846724234521],[583032.101024058181792,4441782.050940653309226],[583162.319965571863577,4441756.881591002456844],[583138.933378485729918,4441645.589574385434389],[582944.984846463659778,4440133.748360183089972],[582265.911064188927412,4436021.282044001854956],[582059.518656755331904,4434522.671396262943745],[581567.899001131183468,4431530.187827779911458],[580955.424124509328976,4428543.133587887510657],[580681.936319524073042,4427042.766705627553165],[580232.965342674287967,4424029.792458215728402],[580095.681404387578368,4420999.044955885969102],[579907.986632039537653,4420162.74001534935087],[579702.949988472973928,4420202.370493936352432]]]}},
{"type":"Feature","properties":{"name":"surf_dune_03","refinement_level":3,"zmin":-8.0,"zmax":3.0,"why":"v3 verbatim."},"geometry":{"type":"Polygon","coordinates":[[[577692.033833925845101,4399080.317485017701983],[577451.252861111890525,4399033.249027126468718],[577207.017798851826228,4399010.007879124954343],[576961.68076430785004,4399010.81786597520113],[576717.604487237404101,4399035.671187060885131],[576477.139555614325218,4399084.328491312451661],[576242.601778181619011,4399156.321182291954756],[576016.249881947296672,4399250.95593102928251],[575800.263759408844635,4399367.321353163570166],[575596.723474996164441,4399504.296786065213382],[575407.589232914615422,4399660.563081438653171],[575234.682499306858517,4399834.615309435874224],[575079.668460537679493,4400024.77725195325911],[574944.039986540097743,4400229.217545531690121],[574829.103253660374321,4400445.967318386770785],[574735.965165467350744,4400672.939151716418564],[574665.522692664409988,4400907.947182692587376],[574618.454234772711061,4401148.728155505843461],[574595.213086771895178,4401392.963217766024172],[574596.023073622025549,4401638.30025231000036],[574620.876394707011059,4401882.376529380679131],[577825.533107841387391,4423005.693466483615339],[577874.190412093070336,4423246.158398106694221],[577946.183103072457016,4423480.696175538934767],[578040.817851810483262,4423707.048071773722768],[578157.183273944072425,4423923.034194312058389],[578294.158706846297719,4424126.574478724971414],[578450.425002219970338,4424315.708720806054771],[578624.477230216609314,4424488.615454413928092],[578814.639172734110616,4424643.629493183456361],[579019.079466312890872,4424779.25796718057245],[579235.829239167505875,4424894.194700060412288],[579462.801072497735731,4424987.332788253203034],[579697.809103473089635,4425057.775261056609452],[579938.590076287044212,4425104.843718947842717],[580182.825138547108509,4425128.084866949357092],[580396.519564542686567,4425127.379349026829004],[580232.965342674287967,4424029.792458215728402],[580095.681404387578368,4420999.044955885969102],[579762.559389835805632,4419514.765009854920208],[579464.44663611589931,4418020.880518999882042],[579259.848957991926,4413516.48627320677042],[579096.760442164377309,4412000.729009290225804],[579647.577344609424472,4409054.906682632863522],[579509.010241880081594,4407645.968158260919154],[579426.571981356013566,4404698.036106403917074],[579326.556087723351084,4402197.26951133646071],[578096.60407613532152,4399741.548466242849827],[577880.580060604261234,4399136.833266158588231],[577692.033833925845101,4399080.317485017701983]]]}},
{"type":"Feature","properties":{"name":"surf_dune_04","refinement_level":3,"zmin":-8.0,"zmax":3.0,"why":"v3 verbatim."},"geometry":{"type":"Polygon","coordinates":[[[566027.288291077013128,4375807.833054185844958],[565806.981750485370867,4375915.795755013823509],[565598.31824129994493,4376044.832403032109141],[565403.307307181297801,4376193.700304783880711],[565223.827010028879158,4376360.965780992992222],[565061.605843218043447,4376545.017973688431084],[564918.206085264449939,4376744.084359642118216],[564795.008754227426834,4376956.2478207340464],[564693.200307751307264,4377179.465106856077909],[564613.761216829763725,4377411.586513519287109],[564557.456523334374651,4377650.376584686338902],[564524.828472242690623,4377893.535641436465085],[564516.191289523034357,4378138.721929128281772],[564531.628155966522172,4378383.574169779196382],[564570.990406110649928,4378625.734302463009953],[564633.898959968937561,4378862.870192721486092],[564719.747973778517917,4379092.698092302307487],[574796.39043442485854,4402496.050264894962311],[574904.353135252837092,4402716.356805486604571],[575033.389783271821216,4402925.020314672030509],[575182.257685022661462,4403120.031248790211976],[575349.523161232238635,4403299.51154594309628],[575533.575353927910328,4403461.732712753117085],[575732.641739880898967,4403605.132470707409084],[575944.805200973758474,4403728.329801743850112],[576168.022487095673569,4403830.138248220086098],[576400.143893758533522,4403909.577339141629636],[576638.933964925468899,4403965.882032637484372],[576882.093021675362252,4403998.510083728469908],[577127.27930936741177,4404007.14726644847542],[577372.131550018675625,4403991.71040000487119],[577614.291682701790705,4403952.348149861209095],[577851.427572960965335,4403889.439596002921462],[578081.255472541204654,4403803.590582192875445],[578301.562013132846914,4403695.627881364896894],[578510.225522318272851,4403566.591233346611261],[578705.23645643691998,4403417.723331594839692],[578884.716753589338623,4403250.45785538572818],[579046.937920400174335,4403066.405662690289319],[579190.337678353767842,4402867.339276736602187],[579313.535009390790947,4402655.175815644674003],[579342.343479914590716,4402592.012602470815182],[579326.556087723351084,4402197.26951133646071],[578096.60407613532152,4399741.548466242849827],[576601.088809857610613,4395555.158303774893284],[575700.927594353444874,4393285.220506344921887],[574745.841702228877693,4392109.303639606572688],[572748.523064559558406,4389806.977072084322572],[571846.240082984091714,4388578.668002107180655],[570200.022691301070154,4385415.690268444828689],[569997.374989203643054,4383907.660096125677228],[568070.866326495306566,4381545.141640352085233],[567388.770887877093628,4378607.850871065631509],[566292.668578900280409,4375974.532249579206109],[566181.360808648634702,4375750.281409181654453],[566027.288291077013128,4375807.833054185844958]]]}},
{"type":"Feature","properties":{"name":"surf_dune_05","refinement_level":3,"zmin":-8.0,"zmax":3.0,"why":"v3 verbatim."},"geometry":{"type":"Polygon","coordinates":[[[556751.879578390275128,4360597.218885420821607],[556560.183300997829065,4360444.10633260011673],[556354.402439000783488,4360310.520579492673278],[556136.518774591502734,4360197.748129926621914],[555908.630646565579809,4360106.875044238753617],[555672.932742172270082,4360038.776479921303689],[555431.694961076485924,4359994.108263374306262],[555187.24055498407688,4359973.300573941320181],[554941.923753458075225,4359976.553801046684384],[554698.107091401005164,4360003.836614334024489],[554458.138656552298926,4360054.886265398934484],[554224.329476119484752,4360129.211118193343282],[553998.931260323384777,4360226.09538375493139],[553784.114717197255231,4360344.606013644486666],[553581.948647482087836,4360483.601685712113976],[553394.380020944401622,4360641.743795651942492],[553223.215225993306376,4360817.509348496794701],[553070.102673172135837,4361009.205625889822841],[552936.516920064692385,4361214.986487886868417],[552823.744470498641022,4361432.870152295567095],[552732.871384811005555,4361660.758280321955681],[552664.772820493206382,4361896.456184715032578],[552620.104603946208954,4362137.693965811282396],[552599.296914513339289,4362382.14837190322578],[552602.550141618587077,4362627.465173428878188],[552629.832954906509258,4362871.28183548618108],[552680.882605970837176,4363111.250270335003734],[552755.207458765129559,4363345.059450767934322],[552852.091724327066913,4363570.457666563801467],[552970.602354216855019,4363785.274209690280259],[553109.598026284249499,4363987.44027940556407],[565027.856044040410779,4379619.779718141071498],[565185.998153980472125,4379807.34834467805922],[565361.76370682544075,4379978.513139629736543],[565553.459984217886813,4380131.62569245044142],[565759.24084621493239,4380265.211445557884872],[565977.124510624213144,4380377.983895123936236],[566205.012638650136068,4380468.856980811804533],[566440.710543043445796,4380536.95554512925446],[566681.948324139229953,4380581.623761676251888],[566926.402730231638998,4380602.431451109237969],[567171.719531757640652,4380599.178224003873765],[567415.536193814710714,4380571.895410716533661],[567655.504628663416952,4380520.845759651623666],[567820.802888795733452,4380468.299624256789684],[567388.770887877093628,4378607.850871065631509],[566292.668578900280409,4375974.532249579206109],[565614.938239888986573,4374609.114563619717956],[564378.498137656948529,4371954.942435045726597],[563744.754633506410755,4370593.406582301482558],[563363.146489624166861,4369189.522213219664991],[557085.787241175305098,4360955.952306909486651],[556927.645131235243753,4360768.38368037249893],[556751.879578390275128,4360597.218885420821607]]]}},
{"type":"Feature","properties":{"name":"surf_dune_06","refinement_level":3,"zmin":-8.0,"zmax":3.0,"why":"v3 verbatim."},"geometry":{"type":"Polygon","coordinates":[[[551625.778721592272632,4353900.52063908893615],[551433.803327322704718,4353747.75819412060082],[551227.779009043239057,4353614.548221239820123],[551009.689893563278019,4353502.173605303280056],[550781.63629828451667,4353411.716575294733047],[550545.814503996283747,4353344.04828186146915],[550304.495603490853682,4353299.820407659746706],[550060.003629698418081,4353279.458891296759248],[549814.693173979525454,4353283.15982530452311],[549570.926710123079829,4353310.887567666359246],[549331.051842432352714,4353362.375085064209998],[549097.378697012085468,4353437.126524562016129],[548872.157673991518095,4353534.421988932415843],[548657.557774940505624,4353653.324469666928053],[548455.645714199286886,4353792.688870877958834],[548268.36601528909523,4353951.17303719650954],[548097.522284087957814,4354127.250679465010762],[547944.75983911997173,4354319.226073734462261],[547811.549866238725372,4354525.250392014160752],[547699.175250303000212,4354743.33950749412179],[547608.718220294453204,4354971.393102772533894],[547541.049926860956475,4355207.214897060766816],[547496.822052659466863,4355448.533797565847635],[547476.460536296013743,4355693.025771358981729],[547480.161470303777605,4355938.336227077059448],[547507.889212665264495,4356182.102690934203565],[547559.376730064046569,4356421.97755862493068],[547634.128169561503455,4356655.65070404484868],[547731.423633932019584,4356880.871727065183222],[547850.326114666648209,4357095.471626116894186],[547989.690515877213329,4357297.383686858229339],[553112.367626578779891,4363991.066101986914873],[553270.851792897214182,4364178.345800897106528],[553446.929435165715404,4364349.189532097429037],[553638.904829435283318,4364501.951977065764368],[553844.929147714748979,4364635.161949946545064],[554063.018263194710016,4364747.536565883085132],[554291.071858473471366,4364837.99359589163214],[554526.893652761704288,4364905.661889324896038],[554768.212553267134354,4364949.889763526618481],[555012.704527059569955,4364970.251279889605939],[555258.014982778462581,4364966.550345881842077],[555501.781446634908207,4364938.822603520005941],[555741.656314325635321,4364887.33508612215519],[555975.329459745902568,4364812.583646624349058],[556200.550482766469941,4364715.288182253949344],[556415.150381817482412,4364596.385701519437134],[556617.06244255870115,4364457.021300308406353],[556804.342141468892805,4364298.537133989855647],[556975.185872670030221,4364122.459491721354425],[557127.948317638016306,4363930.484097451902926],[557261.158290519262664,4363724.459779172204435],[557373.532906454987824,4363506.370663692243397],[557463.989936463534832,4363278.317068413831294],[557531.658229897031561,4363042.495274125598371],[557575.886104098521173,4362801.176373620517552],[557596.247620461974293,4362556.684399827383459],[557592.54668645421043,4362311.373944109305739],[557564.818944092723541,4362067.607480252161622],[557513.331426693941467,4361827.732612561434507],[557438.579987196484581,4361594.059467141516507],[557341.284522825968452,4361368.838444121181965],[557222.382042091339827,4361154.238545069471002],[557083.017640880774707,4360952.326484328135848],[551960.340530179208145,4354258.644069199450314],[551801.856363860773854,4354071.364370289258659],[551625.778721592272632,4353900.52063908893615]]]}},
{"type":"Feature","properties":{"name":"surf_dune_07","refinement_level":3,"zmin":-8.0,"zmax":3.0,"why":"v3 verbatim."},"geometry":{"type":"Polygon","coordinates":[[[537159.735512474086136,4344502.844348411075771],[536927.792212491156533,4344422.886720941402018],[536689.128564902115613,4344366.04853028524667],[536446.043031099950895,4344332.877159290015697],[536200.876657659420744,4344323.692066391929984],[535955.990530778188258,4344338.581709056161344],[535713.743037726613693,4344377.402691884897649],[535476.46715428866446,4344439.781147590838373],[535246.447976930066943,4344525.116337546147406],[535025.900716069969349,4344632.586437223479152],[534816.94936239393428,4344761.156450813636184],[534621.606231662328355,4344909.588178801350296],[534441.752585009438917,4345076.452142505906522],[534279.120511370478198,4345260.141350739635527],[534135.276246518478729,4345458.8867760123685],[534011.605089357239194,4345670.774391232989728],[533909.298060735571198,4345893.763602837920189],[533829.340433265897445,4346125.706902820616961],[533772.502242610207759,4346364.370550409890711],[533739.330871615093201,4346607.456084211356938],[533730.145778716891073,4346852.62245765235275],[533745.035421381122433,4347097.508584533818066],[533783.856404209393077,4347339.756077584810555],[533846.234859915450215,4347577.031961022876203],[533931.570049871341325,4347807.05113838147372],[534039.040149548673071,4348027.598399241454899],[534167.610163138480857,4348236.549752918072045],[534316.041891126544215,4348431.892883649095893],[534482.905854831100442,4348611.746530302800238],[534666.595063064596616,4348774.378603940829635],[534865.340488336980343,4348918.222868793644011],[548610.379597546881996,4357872.714045329019427],[548822.26721276761964,4357996.385202489793301],[549045.256424372433685,4358098.692231111228466],[549277.199724355363287,4358178.649858580902219],[549515.863371944404207,4358235.488049237057567],[549758.948905746568926,4358268.659420232288539],[550004.115279187099077,4358277.844513130374253],[550249.001406068331562,4358262.954870466142893],[550491.248899119906127,4358224.133887637406588],[550728.52478255785536,4358161.755431931465864],[550958.543959916452877,4358076.420241976156831],[551179.091220776550472,4357968.950142298825085],[551388.042574452585541,4357840.380128708668053],[551583.385705184191465,4357691.948400720953941],[551763.239351837080903,4357525.084437016397715],[551925.871425476041622,4357341.39522878266871],[552069.715690328041092,4357142.649803509935737],[552193.386847489280626,4356930.762188289314508],[552295.693876110948622,4356707.772976684384048],[552375.651503580622375,4356475.829676701687276],[552432.489694236312062,4356237.166029112413526],[552465.661065231426619,4355994.080495310947299],[552474.846158129628748,4355748.914121869951487],[552459.956515465397388,4355504.027994988486171],[552421.135532637126744,4355261.780501937493682],[552358.757076931069605,4355024.504618499428034],[552273.421886975178495,4354794.485441140830517],[552165.951787297846749,4354573.938180280849338],[552037.381773708038963,4354364.986826604232192],[551888.950045719975606,4354169.643695873208344],[551722.086082015419379,4353989.790049219503999],[551538.396873781923205,4353827.157975581474602],[551339.651448509539478,4353683.313710728660226],[545690.195327863330022,4350002.858196371234953],[544742.469369856989942,4349703.226809352636337],[542133.428808319149539,4348193.789819341152906],[540848.163582309382036,4347396.778230951167643],[539460.278672890737653,4345944.249612266197801],[537594.612339299637824,4344728.82253419328481],[537382.724724078900181,4344605.151377032510936],[537159.735512474086136,4344502.844348411075771]]]}},
{"type":"Feature","properties":{"name":"surf_dune_08","refinement_level":3,"zmin":-8.0,"zmax":3.0,"why":"v3 verbatim."},"geometry":{"type":"Polygon","coordinates":[[[528648.792900267057121,4331179.051530073396862],[528419.316455316031352,4331092.267442763783038],[528182.438674105564132,4331028.393869461491704],[527940.440819159266539,4330988.045947595499456],[527695.653462109621614,4330971.612249709665775],[527450.434039019630291,4330979.251041296869516],[527207.144146983977407,4331010.888756619766355],[526968.126800658879802,4331066.22070718370378],[526735.683867749641649,4331144.71401605848223],[526512.053900766419247,4331245.612749770283699],[526299.390578539692797,4331367.945198356173933],[526099.741965116234496,4331510.533233462832868],[525915.030785782379098,4331672.003654366359115],[525747.035910168313421,4331850.801412642933428],[525597.375220761750825,4332045.204588142223656],[525467.490031814435497,4332253.340972010046244],[525358.631208698498085,4332473.206097091548145],[525271.847121388651431,4332702.682542042806745],[525207.973548086825758,4332939.560323253273964],[525167.625626220717095,4333181.558178199455142],[525151.191928334301338,4333426.345535249449313],[525158.830719921854325,4333671.564958339557052],[525190.468435244634748,4333914.85485037509352],[525245.800385809037834,4334153.872196699492633],[525324.293694683699869,4334386.315129608847201],[525425.192428395152092,4334609.945096592418849],[525547.524876981158741,4334822.608418819494545],[534126.711952807498164,4348174.921460946090519],[534269.299987914389931,4348374.570074369199574],[534430.770408817450516,4348559.281253702938557],[534609.568167094723321,4348727.276129317469895],[534803.971342593198642,4348876.93681872356683],[535012.10772646125406,4349006.822007670998573],[535231.972851543221623,4349115.680830786935985],[535461.449296494247392,4349202.464918096549809],[535698.327077704714611,4349266.338491398841143],[535940.324932651012205,4349306.686413264833391],[536185.112289700657129,4349323.120111150667071],[536430.331712790648453,4349315.48131956346333],[536673.621604826301336,4349283.843604240566492],[536912.638951151398942,4349228.511653676629066],[537145.081884060637094,4349150.018344801850617],[537368.711851043859497,4349049.119611090049148],[537581.375173270585947,4348926.787162504158914],[537781.023786694044247,4348784.199127397499979],[537965.734966027899645,4348622.728706493973732],[538133.729841641965322,4348443.930948217399418],[538283.390531048527919,4348249.52777271810919],[538413.275719995843247,4348041.391388850286603],[538522.134543111780658,4347821.526263768784702],[538608.918630421627313,4347592.049818817526102],[538672.792203723452985,4347355.172037607058883],[538713.140125589561649,4347113.174182660877705],[538729.573823475977406,4346868.386825610883534],[538721.935031888424419,4346623.167402520775795],[538690.297316565643996,4346379.877510485239327],[538634.965366001240909,4346140.860164160840213],[538556.472057126578875,4345908.417231251485646],[538455.573323415126652,4345684.787264267913997],[538333.240874829120003,4345472.123942040838301],[537058.952076082932763,4343488.870424364693463],[537008.580637128092349,4343438.983699399977922],[534723.652195843635127,4341420.903483124449849],[533521.732559218769893,4340483.446677757427096],[531929.598631663713604,4336919.969517366960645],[530979.901385845965706,4335726.486600578762591],[530338.129551485530101,4333698.659233335405588],[528829.809564895927906,4331268.675844382494688],[528648.792900267057121,4331179.051530073396862]]]}},
{"type":"Feature","properties":{"name":"surf_dune_09","refinement_level":3,"zmin":-8.0,"zmax":3.0,"why":"v3 verbatim."},"geometry":{"type":"Polygon","coordinates":[[[525466.675864203134552,4325749.003734655678272],[525248.709866773453541,4325636.390500254929066],[525020.755407998454757,4325545.683933116495609],[524785.007813928532414,4325477.757587065920234],[524543.737462767632678,4325433.265629947185516],[524299.267919889069162,4325412.636543630622327],[524053.953560631314758,4325416.068997493945062],[523810.156896376633085,4325443.529935128986835],[523570.225822274573147,4325494.754892696626484],[523336.471005728410091,4325569.250545851886272],[523111.143633404804859,4325666.299460731446743],[522896.413731075823307,4325784.96700323279947],[522694.34926508407807,4325924.110340051352978],[522506.896226696786471,4326082.389444789849222],[522335.859891145897564,4326258.280003146268427],[522182.887431840703357,4326450.0880928914994],[522049.452057187561877,4326655.966497267596424],[521936.838822787627578,4326873.932494697161019],[521846.13225564872846,4327101.886953472159803],[521778.205909597803839,4327337.634547542780638],[521733.713952479534782,4327578.904898703098297],[521713.084866162855178,4327823.374441581778228],[521716.517320025828667,4328068.688800839707255],[521743.978257661568932,4328312.485465094447136],[521795.203215228801128,4328552.41653919685632],[521869.698868383886293,4328786.171355742961168],[521966.747783263388555,4329011.498728065751493],[522085.415325764741283,4329226.22863039560616],[525524.659321755054407,4334786.341270293109119],[525663.802658573607914,4334988.405736284330487],[525822.081763312453404,4335175.858774671331048],[525997.972321668639779,4335346.895110222510993],[526189.780411413754337,4335499.867569527588785],[526395.658815790433437,4335633.302944180555642],[526613.624813220230862,4335745.916178581304848],[526841.579271995229647,4335836.622745719738305],[527077.326866065035574,4335904.54909177031368],[527318.59721722593531,4335949.041048889048398],[527563.066760104615241,4335969.670135205611587],[527808.381119362311438,4335966.237681342288852],[528052.177783616934903,4335938.776743707247078],[528292.108857718994841,4335887.55178613960743],[528525.863674265216105,4335813.056132984347641],[528751.191046588821337,4335716.007218104787171],[528965.920948917861097,4335597.339675603434443],[529167.985414909548126,4335458.196338784880936],[529355.438453296897933,4335299.917234046384692],[529526.474788847728632,4335124.026675689965487],[529679.447248152922839,4334932.218585944734514],[529812.882622806122527,4334726.34018156863749],[529925.495857206056826,4334508.374184139072895],[530016.202424344839528,4334280.419725364074111],[530084.12877039576415,4334044.672131293453276],[530128.620727514033206,4333803.401780133135617],[530149.249813830829225,4333558.932237254455686],[530146.894061092636548,4333390.568729221820831],[528730.063690021401271,4331107.979956761002541],[527046.818635978386737,4328696.060457468032837],[525631.590647159377113,4325995.746576665900648],[525483.715273325098678,4325760.047437597066164],[525466.675864203134552,4325749.003734655678272]]]}},
{"type":"Feature","properties":{"name":"surf_dune_10","refinement_level":3,"zmin":-8.0,"zmax":3.0,"why":"v3 verbatim."},"geometry":{"type":"Polygon","coordinates":[[[520469.748536374885589,4317651.613520155660808],[520227.979644175095018,4317693.311474086716771],[519991.462049475347158,4317758.506136406213045],[519762.473546006251127,4317846.569646878167987],[519543.21941823407542,4317956.653905753977597],[519335.811203265679069,4318087.698741445317864],[519142.246355592214968,4318238.44212054554373],[518964.389010509941727,4318407.432301910594106],[518803.952031478867866,4318593.041817714460194],[518662.480514310707804,4318793.483146855607629],[518541.336907052027527,4319006.825929760932922],[518441.68788886454422,4319231.015558807179332],[518364.493134267162532,4319463.892965311184525],[518310.49607094557723,4319703.215412545017898],[518280.216720137337688,4319946.678094515576959],[518273.946688543073833,4320191.93633250426501],[518291.746359994693194,4320436.62815560773015],[518333.444313925749157,4320678.397047807462513],[518398.638976245478261,4320914.914642507210374],[518486.702486716734711,4321143.903145976364613],[521924.993062807479873,4328921.878239373676479],[522035.077321683987975,4329141.132367146201432],[522166.122157374629751,4329348.540582114830613],[522316.865536475204863,4329542.105429788120091],[522485.855717840429861,4329719.962774869985878],[522671.465233644179534,4329880.399753901176155],[522871.906562784861308,4330021.871271069161594],[523085.249345690419432,4330143.014878327958286],[523309.438974736491218,4330242.663896515965462],[523542.316381240845658,4330319.858651112765074],[523781.638828475086484,4330373.855714434757829],[524025.101510445354506,4330404.135065242648125],[524270.359748434100766,4330410.405096837319434],[524515.051571537740529,4330392.605425385758281],[524756.820463737472892,4330350.907471454702318],[524993.338058437220752,4330285.712809135206044],[525222.326561906258576,4330197.649298663251102],[525441.580689678550698,4330087.565039787441492],[525648.988904646830633,4329956.520204096101224],[525842.553752320352942,4329805.776824995875359],[526020.411097402567975,4329636.786643630824983],[526180.848076433758251,4329451.177127826958895],[526322.319593601860106,4329250.73579868581146],[526443.463200860540383,4329037.393015780486166],[526543.112219047965482,4328813.203386734239757],[526620.306973645347171,4328580.325980230234563],[526674.30403696699068,4328341.003532996401191],[526704.583387775230221,4328097.54085102584213],[526705.911378641845658,4328045.595227607525885],[525631.590647159377113,4325995.746576665900648],[524037.52568723692093,4323454.960177072323859],[523165.625827740121167,4322205.004187548533082],[522366.285292591142934,4320906.526978199370205],[520855.235840969893616,4318264.562208720482886],[520511.970286817697342,4317648.542174017056823],[520469.748536374885589,4317651.613520155660808]]]}},
{"type":"Feature","properties":{"name":"surf_dune_11","refinement_level":3,"zmin":-8.0,"zmax":3.0,"why":"v3 verbatim."},"geometry":{"type":"Polygon","coordinates":[[[517874.482614761218429,4313626.280098466202617],[517665.950545929837972,4313497.031141540035605],[517445.754002859001048,4313388.844270722940564],[517216.013598630204797,4313302.761384721845388],[516978.941858925041743,4313239.611508785746992],[516736.821914193453267,4313200.002810741774738],[516491.985511859471444,4313184.316744005307555],[516246.790560318739153,4313192.704373971559107],[516003.59842099173693,4313225.084923181682825],[515764.751167122565676,4313281.146549243479967],[515532.549028333218303,4313360.349348052404821],[515309.228238154842984,4313461.930553359910846],[515096.939497876330279,4313584.911882627755404],[514897.727264115412254,4313728.108958426862955],[514713.510059583757538,4313890.142714638262987],[514546.061996664386243,4314069.452677613124251],[514396.995691739546601,4314264.311994387768209],[514267.74673481361242,4314472.844063218683004],[514159.559863996459171,4314693.040606290102005],[514073.476977995072957,4314922.781010518781841],[514010.327102059265599,4315159.85275022406131],[513970.718404015584383,4315401.972694954834878],[513955.032337278476916,4315646.80909728910774],[513963.419967245485168,4315892.004048829898238],[513995.800516454910394,4316135.196188157424331],[514051.862142516823951,4316374.043442025780678],[514131.06494132586522,4316606.245580815710127],[514232.646146632905584,4316829.566370993852615],[514355.627475900808349,4317041.855111272074282],[514498.824551700381562,4317241.067345033399761],[514660.858307912072632,4317425.284549565054476],[518979.357972611906007,4321874.366967699490488],[519158.667935586883686,4322041.815030618570745],[519353.527252360770945,4322190.881335543468595],[519562.059321192151401,4322320.130292469635606],[519782.255864262988325,4322428.317163286730647],[520011.996268491784576,4322514.400049287825823],[520249.06800819694763,4322577.54992522392422],[520491.187952928536106,4322617.158623267896473],[520736.024355262517929,4322632.844690004363656],[520981.21930680325022,4322624.457060038112104],[521224.411446130252443,4322592.076510827988386],[521463.258699999423698,4322536.014884766191244],[521695.460838788771071,4322456.81208595726639],[521918.781628967146389,4322355.230880649760365],[522131.070369245659094,4322232.249551381915808],[522330.282603006577119,4322089.052475582808256],[522514.499807538231835,4321927.018719371408224],[522681.94787045760313,4321747.70875639654696],[522793.970106030406896,4321601.273408057168126],[522366.285292591142934,4320906.526978199370205],[520855.235840969893616,4318264.562208720482886],[518714.3746883564163,4314422.599781745113432],[518248.651894510083366,4313942.794466310180724],[518069.341931535105687,4313775.346403391100466],[517874.482614761218429,4313626.280098466202617]]]}},
{"type":"Feature","properties":{"name":"surf_dune_12","refinement_level":3,"zmin":-8.0,"zmax":3.0,"why":"v3 verbatim."},"geometry":{"type":"Polygon","coordinates":[[[509892.466272442368791,4306833.96917075291276],[509672.946366518968716,4306724.415861806832254],[509443.745406887086574,4306636.906795412302017],[509207.070724081771914,4306572.284731714054942],[508965.201624678156804,4306531.17201651353389],[508720.467440322507173,4306513.964587730355561],[508475.225094995461404,4306520.828162312507629],[508231.836406545655336,4306551.696640282869339],[507992.645341092720628,4306606.272741325199604],[507759.955439351964742,4306684.030867752619088],[507536.007632278488018,4306784.222166299819946],[507322.958659676718526,4306905.881739990785718],[507122.860299617168494,4307047.837940627709031],[506937.639608692203183,4307208.723652394488454],[506769.080363407265395,4307386.989457938820124],[506618.805881438369397,4307580.918560104444623],[506488.263388195249718,4307788.643315623514354],[506378.710079249576665,4308008.163221546448767],[506291.201012854464352,4308237.364181178621948],[506226.578949156682938,4308474.038863983936608],[506185.466233955521602,4308715.907963387668133],[506168.258805172925349,4308960.642147743143141],[506175.122379754669964,4309205.884493069723248],[506205.990857725439128,4309449.273181519471109],[506260.566958768002223,4309688.464246972464025],[506338.325085194897838,4309921.154148713685572],[506438.516383741865866,4310145.101955787278712],[506560.175957433588337,4310358.150928388349712],[506702.132158069696743,4310558.249288448132575],[506863.017869836825412,4310743.469979372806847],[507041.283675381564535,4310912.029224658384919],[514828.33687383873621,4317582.66104728449136],[515022.265976003720425,4317732.935529253445566],[515229.990731522615533,4317863.478022496215999],[515449.510637446015608,4317973.031331442296505],[515678.71159707789775,4318060.540397836826742],[515915.38627988321241,4318125.162461535073817],[516157.25537928682752,4318166.275176735594869],[516401.989563642477151,4318183.482605518773198],[516647.23190896952292,4318176.61903093662113],[516890.620597419328988,4318145.75055296625942],[517129.811662872263696,4318091.174451923929155],[517362.501564613019582,4318013.416325496509671],[517586.449371686496306,4317913.225026949308813],[517799.498344288265798,4317791.565453258343041],[517999.59670434781583,4317649.609252621419728],[518184.817395272781141,4317488.723540854640305],[518353.376640557718929,4317310.457735310308635],[518503.651122526614927,4317116.528633144684136],[518634.193615769734606,4316908.803877625614405],[518743.746924715407658,4316689.283971702679992],[518831.255991110519972,4316460.083012070506811],[518895.878054808301385,4316223.408329265192151],[518936.990770009462722,4315981.539229861460626],[518954.198198792058975,4315736.805045505985618],[518947.33462421031436,4315491.56270017940551],[518916.466146239545196,4315248.17401172965765],[518861.890045196982101,4315008.982946276664734],[518784.131918770086486,4314776.293044535443187],[518683.940620223118458,4314552.345237461850047],[518562.281046531395987,4314339.296264860779047],[518420.324845895287581,4314139.197904800996184],[518259.439134128158912,4313953.977213876321912],[518081.173328583419789,4313785.41796859074384],[510294.120130126248114,4307114.786145964637399],[510100.191027961263899,4306964.511663995683193],[509892.466272442368791,4306833.96917075291276]]]}},
{"type":"Feature","properties":{"name":"surf_dune_13","refinement_level":3,"zmin":-8.0,"zmax":3.0,"why":"v3 verbatim."},"geometry":{"type":"Polygon","coordinates":[[[502981.237156318500638,4306557.078263849020004],[502743.205573967425153,4306616.507906292565167],[502512.145302349119447,4306698.98255377355963],[502290.281578189693391,4306803.707930353470147],[502079.7510704358574,4306929.675473405048251],[501882.581302965001669,4307075.67204662784934],[501700.671128421730828,4307240.291623213328421],[501535.772441229142714,4307421.948826648294926],[501389.473305887775496,4307618.894198759458959],[501300.358920139493421,4307767.314055481925607],[501299.950409776007291,4310250.688407300971448],[501387.340750703879166,4310396.744545276276767],[501533.337323927436955,4310593.914312747307122],[501697.956900512916036,4310775.824487290345132],[501879.614103947591502,4310940.723174482584],[502076.559476058464497,4311087.022309824824333],[502286.896325250854716,4311213.312952665612102],[502508.598992685205303,4311318.37885507941246],[502739.532360479119234,4311401.208174990490079],[502977.472414059680887,4311461.003220768645406],[503220.127660639642272,4311497.188133436255157],[503465.161197545647155,4311509.414432503283024],[508665.782653793867212,4311513.406948608346283],[508910.834674116573296,4311501.556888130493462],[509153.545192941091955,4311465.744590668939054],[509391.57677529216744,4311406.314948225393891],[509622.637046910473146,4311323.840300744399428],[509844.500771069899201,4311219.114924164488912],[510055.031278823735192,4311093.147381112910807],[510252.201046294590924,4310947.150807890109718],[510434.111220837861765,4310782.531231304630637],[510599.009908030449878,4310600.874027869664133],[510745.309043371817097,4310403.928655758500099],[510871.59968621347798,4310193.591806566342711],[510976.665588627336547,4309971.889139131642878],[511059.49490853829775,4309740.955771338194609],[511119.289954316453077,4309503.015717757865787],[511155.47486698377179,4309260.360471177846193],[511167.701166050508618,4309015.326934271492064],[511155.851105573063251,4308770.274913948960602],[511120.038808111741673,4308527.564395124092698],[511060.609165668138303,4308289.532812773250043],[510978.134518186503556,4308058.472541155293584],[510873.409141607291531,4307836.608816995285451],[510747.441598555713426,4307626.078309241682291],[510601.445025332155637,4307428.908541770651937],[510436.825448746676557,4307246.998367227613926],[510255.16824531200109,4307082.099680035375059],[510058.222873201128095,4306935.800544693134725],[509847.886024008737877,4306809.509901852346957],[509626.18335657438729,4306704.443999438546598],[509395.249988780473359,4306621.614679527468979],[509157.309935199911706,4306561.819633749313653],[508914.654688619950321,4306525.634721081703901],[508669.621151713945437,4306513.408422014676034],[503468.999695465725381,4306509.415905909612775],[503223.947675143019296,4306521.265966387465596],[502981.237156318500638,4306557.078263849020004]]]}},
{"type":"Feature","properties":{"name":"coastal_corridor","refinement_level":2,"zmin":-20.0,"zmax":5.0,"why":"v3 verbatim."},"geometry":{"type":"Polygon","coordinates":[[[576712.090602736920118,4439244.435618843883276],[576613.894525462528691,4448908.860367224551737],[581947.979537178296596,4457149.533876828849316],[580348.980976403923705,4460351.629439409822226],[576491.413760448922403,4460963.37587796151638],[576260.96832721028477,4483643.737557990476489],[590666.062407851917669,4483804.586260628886521],[590673.977409360348247,4483149.381971125490963],[588795.474172717425972,4479393.586589047685266],[589102.999755765195005,4477992.867576600983739],[588960.678659581579268,4476479.119193403981626],[589057.591251680976711,4474962.666551526635885],[588561.858386034262367,4473544.661224167793989],[588096.023064428241923,4472093.743324531242251],[587893.841612567543052,4470585.996988316066563],[587887.954338720883243,4467751.70322005264461],[588337.164433898637071,4465372.365482238121331],[587601.706620188662782,4464037.136477747932076],[587383.785050458507612,4462534.799628709442914],[586728.769749680184759,4458011.196716244332492],[586417.627643753890879,4456518.941473273560405],[585793.213696212391369,4453536.686317290179431],[585133.291350926854648,4450560.770865245722234],[584905.070790251367725,4449054.005724439397454],[584135.013869678368792,4446105.8459901381284],[583765.551651701563969,4444627.5386299835518],[583138.933378485729918,4441645.589574385434389],[582944.984846463659778,4440133.748360183089972],[582809.286380230099894,4439311.959349755197763],[576712.090602736920118,4439244.435618843883276]]]}},
{"type":"Feature","properties":{"name":"shrewsbury_navesink","refinement_level":3,"zmin":-8.0,"zmax":3.0,"why":"v3 verbatim."},"geometry":{"type":"Polygon","coordinates":[[[578152.13543048792053,4464791.132492125034332],[578048.21524982189294,4474781.111129491589963],[588228.587258015759289,4474894.023971896618605],[588255.669951348332688,4472590.988842657767236],[588096.023064428241923,4472093.743324531242251],[587893.841612567543052,4470585.996988316066563],[587887.954338720883243,4467751.70322005264461],[588337.164433898637071,4465372.365482238121331],[588077.539347694255412,4464901.014251846820116],[578152.13543048792053,4464791.132492125034332]]]}},
{"type":"Feature","properties":{"name":"bay_fringe","refinement_level":3,"zmin":-1.0,"zmax":2.0,"why":"v3 verbatim."},"geometry":{"type":"Polygon","coordinates":[[[559401.921148209134117,4472390.031128573231399],[559208.10901358735282,4496810.326558878645301],[578031.541389437625185,4496999.632014404982328],[578071.506777530768886,4496873.260815372690558],[578843.357415911974385,4495882.245522883720696],[579647.948352963081561,4495013.775198318064213],[582107.70395934721455,4496017.443166706711054],[583064.543730326578952,4496705.268521849066019],[586113.580536762718111,4496406.857383518479764],[588560.156240417389199,4496990.662614472210407],[588610.438991770846769,4497106.022973801009357],[590504.28859654138796,4497125.069237785413861],[590673.849601535825059,4483149.126437875442207],[588795.474172717425972,4479393.586589047685266],[589102.999755765195005,4477992.867576600983739],[588960.678659581579268,4476479.119193403981626],[589057.591251680976711,4474962.666551526635885],[588561.858386034262367,4473544.661224167793989],[588283.988953805761412,4472679.192861673422158],[573634.619607380125672,4472532.526180549524724],[573399.722250111983158,4472946.878075427375734],[569052.125573220546357,4474148.895955735817552],[565494.614714522846043,4472451.030010050162673],[559401.921148209134117,4472390.031128573231399]]]}}
]
}
